trial,is_practice,block,is_old,pair_type,timing_jitter,timing_iti,within_category,high_cat_on_left,left_cat,right_cat,left_cat_value_group,right_cat_value_group,left_exemplar,right_exemplar,left_exemplar_value,right_exemplar_value,left_kind,right_kind,left_shape,right_shape,left_color,right_color,left_img_path,right_img_path,chosen_cat,unchosen_cat,chosen_value_group,unchosen_value_group,chosen_exemplar,unchosen_exemplar,chosen_exemplar_value,unchosen_exemplar_value
0,1,0,0,20-40,1500,1000,NaN,NaN,balloon,bowtie,20,40,NaN,NaN,0,40,NaN,NaN,NaN,NaN,NaN,NaN,Stimuli/Practice_stims/balloon/ABALLOON4.jpg,Stimuli/Practice_stims/bowtie/22613_Bowtie_Clown_Large.jpg,bowtie,balloon,40,20,NaN,NaN,40,0
1,1,0,0,60-80,1000,1500,NaN,NaN,coffee mug,toilet seat,60,80,NaN,NaN,40,80,NaN,NaN,NaN,NaN,NaN,NaN,Stimuli/Practice_stims/coffee mug/ACOFFMUG3.jpg,Stimuli/Practice_stims/toilet seat/toilet_seat_main.jpg,toilet seat,coffee mug,80,60,NaN,NaN,80,40
2,1,0,0,20-80,2000,3000,NaN,NaN,toilet seat,bowtie,80,40,NaN,NaN,100,60,NaN,NaN,NaN,NaN,NaN,NaN,Stimuli/Practice_stims/toilet seat/Painted_Toilet_Seat.jpg,Stimuli/Practice_stims/bowtie/bowtie-1.jpg,bowtie,toilet seat,40,80,NaN,NaN,60,100
3,1,0,0,20-60,1000,2000,NaN,NaN,balloon,coffee mug,20,60,NaN,NaN,40,80,NaN,NaN,NaN,NaN,NaN,NaN,Stimuli/Practice_stims/balloon/Aballoonwithh.jpg,Stimuli/Practice_stims/coffee mug/26372291.thl.jpg,,,,,,,,
4,1,0,0,60-80,2500,2500,NaN,NaN,coffee mug,toilet seat,60,80,NaN,NaN,60,100,NaN,NaN,NaN,NaN,NaN,NaN,Stimuli/Practice_stims/coffee mug/ACOFFMUG5.jpg,Stimuli/Practice_stims/toilet seat/Painted_Toilet_Seat.jpg,,,,,,,,
0,0,1,0,20-20,2500,2500,NaN,NaN,frame,license plate,20,20,frame10,license plate11,0,0,2.2,2.2,3.4,1,2.6,4.1,Stimuli/Experimental_stims/frame/AFRAME107.jpg,Stimuli/Experimental_stims/license plate/az-942-atg.jpg,,,,,,,,
1,0,1,0,40-40,2500,2500,NaN,NaN,patio lounge chair,trumpet,40,40,patio lounge chair2,trumpet8,40,60,2.2,2.3,2.9,2.5,4.3,2.5,Stimuli/Experimental_stims/patio lounge chair/Marina-metal-chaise-lounge.jpg,Stimuli/Experimental_stims/trumpet/trumpet33.jpg,,,,,,,,
2,0,1,0,20-60,2500,2500,NaN,1,motorcycle,necklace,60,20,motorcycle5,necklace3,40,20,2.1,2.2,2.9,3.6,3.6,3.9,Stimuli/Experimental_stims/motorcycle/motorcycle101.jpg,Stimuli/Experimental_stims/necklace/26388201.thl.jpg,,,,,,,,
3,0,1,0,40-80,2500,2500,NaN,1,dresser,trumpet,80,40,dresser14,trumpet4,100,40,2.3,2.3,2.9,2.5,1.5,2.5,Stimuli/Experimental_stims/dresser/Adressertabl3.jpg,Stimuli/Experimental_stims/trumpet/JUPITER+JTR1000S.jpg,,,,,,,,
4,0,1,0,20-20,2500,2500,NaN,NaN,poker card,yarn,20,20,poker card14,yarn2,20,20,2.2,2.1,1,2.8,2.7,4.9,Stimuli/Experimental_stims/poker card/22864248.thl.jpg,Stimuli/Experimental_stims/yarn/Aballofyarn66.jpg,,,,,,,,
5,0,1,1,NaN,2500,2500,NaN,1,NaN,NaN,NaN,NaN,NaN,NaN,NaN,NaN,NaN,NaN,NaN,NaN,NaN,NaN,NaN,NaN,,,,,,,,
6,0,1,0,20-60,2500,2500,NaN,1,key chain,stool,60,20,key chain3,stool11,40,40,2.2,2.2,4.5,3.8,4.4,4.2,Stimuli/Experimental_stims/key chain/Keychain_Voice_Recorder.jpg,Stimuli/Experimental_stims/stool/ASTOOL28.jpg,,,,,,,,
7,0,1,0,60-80,2500,2500,NaN,1,hammer,flashlight,80,60,hammer13,flashlight4,100,60,2,2,2.3,2.7,2.5,3.4,Stimuli/Experimental_stims/hammer/hammer2.jpg,Stimuli/Experimental_stims/flashlight/new08.jpg,,,,,,,,
8,0,1,0,60-60,2500,2500,NaN,NaN,flashlight,vase,60,60,flashlight3,vase11,60,40,2,2.3,2.7,4,3.4,4.7,Stimuli/Experimental_stims/flashlight/sl_tasklight_2l3w.jpg,Stimuli/Experimental_stims/vase/Ethnic_Ceramic_Vase.jpg,,,,,,,,
9,0,1,0,20-80,2500,2500,NaN,0,bowl,seashell,20,80,bowl1,seashell12,0,100,2.2,2.2,2.9,4.5,4.5,2.4,Stimuli/Experimental_stims/bowl/ABOWLS6.jpg,Stimuli/Experimental_stims/seashell/groscoquilagecreux.jpg,,,,,,,,
10,0,1,0,60-80,2500,2500,NaN,0,fan,nail polish,60,80,fan12,nail polish11,40,80,2.3,2,3.1,2.1,2,4.9,Stimuli/Experimental_stims/fan/116544_sk_lg.jpg,Stimuli/Experimental_stims/nail polish/Revlon_Super_Top_Speed_Chrome_Nail_Polish-resized200.jpg,,,,,,,,
11,0,1,0,60-60,2500,2500,NaN,NaN,bongo,flashlight,60,60,bongo11,flashlight6,40,80,2.1,2,2.9,2.7,3.2,3.4,Stimuli/Experimental_stims/bongo/ABONGO6.jpg,Stimuli/Experimental_stims/flashlight/Flashlight.jpg,,,,,,,,
12,0,1,0,20-20,2500,2500,NaN,NaN,yarn,hat,20,20,yarn5,hat9,20,20,2.1,2.3,2.8,2.4,4.9,4.7,Stimuli/Experimental_stims/yarn/Aballofyarn14.jpg,Stimuli/Experimental_stims/hat/Astrawhat44.jpg,,,,,,,,
13,0,1,0,40-60,2500,2500,NaN,1,vase,power strip,60,40,vase3,power strip14,60,20,2.3,2.2,4,4,4.7,2.5,Stimuli/Experimental_stims/vase/vase-006af-1.jpg,Stimuli/Experimental_stims/power strip/88b2c724-e781-44ae-85d5-27b7591f659d_400.jpg,,,,,,,,
14,0,1,0,80-80,2500,2500,NaN,NaN,hammer,bike,80,80,hammer2,bike15,100,60,2,2.3,2.3,2.2,2.5,2.3,Stimuli/Experimental_stims/hammer/hammer04.jpg,Stimuli/Experimental_stims/bike/LashOutBike4.jpg,,,,,,,,
15,0,1,0,80-80,2500,2500,NaN,NaN,baby carriage,nail polish,80,80,baby carriage2,nail polish8,60,80,2.2,2,3.9,2.1,4.3,4.9,Stimuli/Experimental_stims/baby carriage/Baby_Carriage.jpg,Stimuli/Experimental_stims/nail polish/283-ILilacYouALot.jpg,,,,,,,,
16,0,1,1,NaN,2500,2500,NaN,1,NaN,NaN,NaN,NaN,NaN,NaN,NaN,NaN,NaN,NaN,NaN,NaN,NaN,NaN,NaN,NaN,,,,,,,,
17,0,1,0,40-80,2500,2500,NaN,0,desk,train,40,80,desk2,train2,40,100,2.3,2.1,3.5,4.1,2.4,4.5,Stimuli/Experimental_stims/desk/AA Luffield Radial crescent Desk 1600mm x 1200mm.jpg,Stimuli/Experimental_stims/train/iron_train.jpg,,,,,,,,
18,0,1,0,20-40,2500,2500,NaN,1,tent,stool,40,20,tent6,stool4,40,0,2.2,2.2,2.8,3.8,4.5,4.2,Stimuli/Experimental_stims/tent/lighthouse_tent_edited_1-1.jpg,Stimuli/Experimental_stims/stool/ASTOOL22.jpg,,,,,,,,
19,0,1,0,20-20,2500,2500,NaN,NaN,bowl,yarn,20,20,bowl9,yarn12,0,0,2.2,2.1,2.9,2.8,4.5,4.9,Stimuli/Experimental_stims/bowl/21123_285.jpg,Stimuli/Experimental_stims/yarn/Aballofyarn35.jpg,,,,,,,,
20,0,1,0,40-60,2500,2500,NaN,0,microscope,motorcycle,40,60,microscope13,motorcycle12,20,80,2.2,2.1,3.5,2.9,2.5,3.6,Stimuli/Experimental_stims/microscope/digital-microscope-420tc.jpg,Stimuli/Experimental_stims/motorcycle/motorcycle14.jpg,,,,,,,,
21,0,1,1,NaN,2500,2500,NaN,1,NaN,NaN,NaN,NaN,NaN,NaN,NaN,NaN,NaN,NaN,NaN,NaN,NaN,NaN,NaN,NaN,,,,,,,,
22,0,1,1,NaN,2500,2500,NaN,0,NaN,NaN,NaN,NaN,NaN,NaN,NaN,NaN,NaN,NaN,NaN,NaN,NaN,NaN,NaN,NaN,,,,,,,,
23,0,1,0,20-60,2500,2500,NaN,0,bowl,flashlight,20,60,bowl11,flashlight8,20,40,2.2,2,2.9,2.7,4.5,3.4,Stimuli/Experimental_stims/bowl/Abowl46.jpg,Stimuli/Experimental_stims/flashlight/Streamlight-Stinger-Rechargeable-Flashlight-with-Charger-Black-75014-B00008BFSI-L.jpg,,,,,,,,
24,0,1,0,80-80,2500,2500,NaN,NaN,train,makeup compact,80,80,train1,makeup compact5,60,60,2.1,2.3,4.1,2.5,4.5,3.3,Stimuli/Experimental_stims/train/Model_Train.jpg,Stimuli/Experimental_stims/makeup compact/P109965_hero.jpg,,,,,,,,
25,0,1,0,40-60,2500,2500,NaN,1,lipstick,power strip,60,40,lipstick5,power strip19,40,,2.1,2.2,2.4,4,3.6,2.5,Stimuli/Experimental_stims/lipstick/P35719_hero.jpg,Stimuli/Experimental_stims/power strip/extra/5121Z17TM6L._AA262_.jpg,,,,,,,,
26,0,1,0,40-80,2500,2500,NaN,0,sofa,bike,40,80,sofa10,bike6,40,100,2.2,2.3,3.1,2.2,4.6,2.3,Stimuli/Experimental_stims/sofa/AREDCOUC5.jpg,Stimuli/Experimental_stims/bike/puma-Bike-Profile.jpg,,,,,,,,
27,0,1,0,80-80,2500,2500,NaN,NaN,hammer,makeup compact,80,80,hammer9,makeup compact14,60,100,2,2.3,2.3,2.5,2.5,3.3,Stimuli/Experimental_stims/hammer/AHAMMER5.jpg,Stimuli/Experimental_stims/makeup compact/262597_fpx.jpg,,,,,,,,
28,0,1,0,60-80,2500,2500,NaN,1,dresser,vase,80,60,dresser13,vase8,80,60,2.3,2.3,2.9,4,1.5,4.7,Stimuli/Experimental_stims/dresser/ADRESSE70.jpg,Stimuli/Experimental_stims/vase/Avase171.jpg,,,,,,,,
29,0,1,1,NaN,2500,2500,NaN,1,NaN,NaN,NaN,NaN,NaN,NaN,NaN,NaN,NaN,NaN,NaN,NaN,NaN,NaN,NaN,NaN,,,,,,,,
30,0,1,1,NaN,2500,2500,NaN,0,NaN,NaN,NaN,NaN,NaN,NaN,NaN,NaN,NaN,NaN,NaN,NaN,NaN,NaN,NaN,NaN,,,,,,,,
31,0,1,0,40-40,2500,2500,NaN,NaN,power strip,telescope,40,40,power strip17,telescope15,,20,2.2,2.1,4,3.3,2.5,2,Stimuli/Experimental_stims/power strip/extra/1917ea46-2e2f-4a58-b142-8b114a6e035b_400.jpg,Stimuli/Experimental_stims/telescope/VictorianDeskTelescope.jpg,,,,,,,,
32,0,1,0,40-60,2500,2500,NaN,0,trumpet,vase,40,60,trumpet3,vase4,20,40,2.3,2.3,2.5,4,2.5,4.7,Stimuli/Experimental_stims/trumpet/1000rl-s.jpg,Stimuli/Experimental_stims/vase/Avase111.jpg,,,,,,,,
33,0,1,1,NaN,2500,2500,NaN,0,NaN,NaN,NaN,NaN,NaN,NaN,NaN,NaN,NaN,NaN,NaN,NaN,NaN,NaN,NaN,NaN,,,,,,,,
34,0,1,0,20-40,2500,2500,NaN,0,license plate,patio lounge chair,20,40,license plate8,patio lounge chair7,0,20,2.2,2.2,1,2.9,4.1,4.3,Stimuli/Experimental_stims/license plate/dc-vrw-jsw.jpg,Stimuli/Experimental_stims/patio lounge chair/lg_Serenity_Riviera[1].jpg,,,,,,,,
35,0,1,0,20-40,2500,2500,NaN,1,trumpet,frame,40,20,trumpet11,frame7,60,0,2.3,2.2,2.5,3.4,2.5,2.6,Stimuli/Experimental_stims/trumpet/JUPITER+JTR604L.jpg,Stimuli/Experimental_stims/frame/AFRAME152.jpg,,,,,,,,
36,0,1,1,NaN,2500,2500,NaN,1,NaN,NaN,NaN,NaN,NaN,NaN,NaN,NaN,NaN,NaN,NaN,NaN,NaN,NaN,NaN,NaN,,,,,,,,
37,0,1,0,60-80,2500,2500,NaN,0,flashlight,bike,60,80,flashlight13,bike10,60,100,2,2.3,2.7,2.2,3.4,2.3,Stimuli/Experimental_stims/flashlight/834808_sk_lg.jpg,Stimuli/Experimental_stims/bike/3_1.jpg,,,,,,,,
38,0,1,0,60-60,2500,2500,NaN,NaN,vase,watch,60,60,vase9,watch3,80,80,2.3,2.2,4,2.1,4.7,2.5,Stimuli/Experimental_stims/vase/Avasewithang2.jpg,Stimuli/Experimental_stims/watch/B0000TIIVO.01._SCLZZZZZZZ_V1124920780_.jpg,,,,,,,,
39,0,1,0,40-40,2500,2500,NaN,NaN,telescope,sofa,40,40,telescope10,sofa15,40,60,2.1,2.2,3.3,3.1,2,4.6,Stimuli/Experimental_stims/telescope/digimarc.ms02.jpg,Stimuli/Experimental_stims/sofa/APEACHLOV.jpg,,,,,,,,
40,0,1,1,NaN,2500,2500,NaN,1,NaN,NaN,NaN,NaN,NaN,NaN,NaN,NaN,NaN,NaN,NaN,NaN,NaN,NaN,NaN,NaN,,,,,,,,
41,0,1,0,20-80,2500,2500,NaN,1,baby carriage,bowl,80,20,baby carriage8,bowl15,80,0,2.2,2.2,3.9,2.9,4.3,4.5,Stimuli/Experimental_stims/baby carriage/peg_perego_uno_revi_black.jpg,Stimuli/Experimental_stims/bowl/Awhitebowl2.jpg,,,,,,,,
42,0,1,0,20-60,2500,2500,NaN,0,frame,vase,20,60,frame1,vase5,20,80,2.2,2.3,3.4,4,2.6,4.7,Stimuli/Experimental_stims/frame/AFRAME127.jpg,Stimuli/Experimental_stims/vase/Avase176.jpg,,,,,,,,
43,0,1,0,40-40,2500,2500,NaN,NaN,power strip,tent,40,40,power strip4,tent9,40,20,2.2,2.2,4,2.8,2.5,4.5,Stimuli/Experimental_stims/power strip/41D3CX96H9L._AA262_.jpg,Stimuli/Experimental_stims/tent/Red Canyon Tent.jpg,,,,,,,,
44,0,1,0,60-60,2500,2500,NaN,NaN,key chain,vase,60,60,key chain15,vase7,60,40,2.2,2.3,4.5,4,4.4,4.7,Stimuli/Experimental_stims/key chain/Soft_PVC_Keychain.jpg,Stimuli/Experimental_stims/vase/8246344.thl.jpg,,,,,,,,
45,0,1,0,20-80,2500,2500,NaN,1,bike,frame,80,20,bike11,frame9,60,20,2.3,2.2,2.2,3.4,2.3,2.6,Stimuli/Experimental_stims/bike/racing-bike-13564229161.jpg,Stimuli/Experimental_stims/frame/AFRAME188.jpg,,,,,,,,
46,0,1,0,40-80,2500,2500,NaN,0,tent,makeup compact,40,80,tent4,makeup compact3,40,60,2.2,2.3,2.8,2.5,4.5,3.3,Stimuli/Experimental_stims/tent/Atent12.jpg,Stimuli/Experimental_stims/makeup compact/P181006_hero.jpg,,,,,,,,
47,0,1,0,20-80,2500,2500,NaN,1,train,necklace,80,20,train4,necklace14,80,40,2.1,2.2,4.1,3.6,4.5,3.9,Stimuli/Experimental_stims/train/After-RHS-2-web.jpg,Stimuli/Experimental_stims/necklace/necklascenew05.jpg,,,,,,,,
48,0,1,1,NaN,2500,2500,NaN,0,NaN,NaN,NaN,NaN,NaN,NaN,NaN,NaN,NaN,NaN,NaN,NaN,NaN,NaN,NaN,NaN,,,,,,,,
49,0,1,0,40-40,2500,2500,NaN,NaN,tent,hand bag,40,40,tent1,hand bag1,40,40,2.2,2.3,2.8,3.9,4.5,4.5,Stimuli/Experimental_stims/tent/Atent8.jpg,Stimuli/Experimental_stims/hand bag/purses.jpg,,,,,,,,
50,0,1,1,NaN,2500,2500,NaN,0,NaN,NaN,NaN,NaN,NaN,NaN,NaN,NaN,NaN,NaN,NaN,NaN,NaN,NaN,NaN,NaN,,,,,,,,
51,0,1,0,80-80,2500,2500,NaN,NaN,makeup compact,seashell,80,80,makeup compact13,seashell5,100,60,2.3,2.2,2.5,4.5,3.3,2.4,Stimuli/Experimental_stims/makeup compact/31YfapjS3TL._AA250_.jpg,Stimuli/Experimental_stims/seashell/429345994_b87bb03366.jpg,,,,,,,,
52,0,1,0,60-60,2500,2500,NaN,NaN,door knob,lipstick,60,60,door knob1,lipstick8,60,80,2.1,2.1,4,2.4,2.9,3.6,Stimuli/Experimental_stims/door knob/Brass_Door_Handle.jpg,Stimuli/Experimental_stims/lipstick/P174215_hero.jpg,,,,,,,,
53,0,1,1,NaN,2500,2500,NaN,0,NaN,NaN,NaN,NaN,NaN,NaN,NaN,NaN,NaN,NaN,NaN,NaN,NaN,NaN,NaN,NaN,,,,,,,,
54,0,1,1,NaN,2500,2500,NaN,0,NaN,NaN,NaN,NaN,NaN,NaN,NaN,NaN,NaN,NaN,NaN,NaN,NaN,NaN,NaN,NaN,,,,,,,,
55,0,1,1,NaN,2500,2500,NaN,1,NaN,NaN,NaN,NaN,NaN,NaN,NaN,NaN,NaN,NaN,NaN,NaN,NaN,NaN,NaN,NaN,,,,,,,,
56,0,1,0,20-20,2500,2500,NaN,NaN,necklace,stool,20,20,necklace5,stool5,0,20,2.2,2.2,3.6,3.8,3.9,4.2,Stimuli/Experimental_stims/necklace/necklascenew08.jpg,Stimuli/Experimental_stims/stool/ASTOOL23.jpg,,,,,,,,
57,0,1,0,20-40,2500,2500,NaN,0,hat,sofa,20,40,hat12,sofa4,0,20,2.3,2.2,2.4,3.1,4.7,4.6,Stimuli/Experimental_stims/hat/Aformalhat5.jpg,Stimuli/Experimental_stims/sofa/ALOVSEA15.jpg,,,,,,,,
58,0,1,1,NaN,2500,2500,NaN,1,NaN,NaN,NaN,NaN,NaN,NaN,NaN,NaN,NaN,NaN,NaN,NaN,NaN,NaN,NaN,NaN,,,,,,,,
59,0,1,0,20-40,2500,2500,NaN,0,license plate,microscope,20,40,license plate2,microscope6,20,60,2.2,2.2,1,3.5,4.1,2.5,Stimuli/Experimental_stims/license plate/ny-u93-8zs.jpg,Stimuli/Experimental_stims/microscope/AMICROS25.jpg,,,,,,,,
60,0,2,0,80-80,2500,2500,NaN,NaN,makeup compact,hammer,80,80,makeup compact9,hammer11,100,80,2.3,2,2.5,2.3,3.3,2.5,Stimuli/Experimental_stims/makeup compact/b_102019.jpg,Stimuli/Experimental_stims/hammer/8oz-hammer-copy.jpg,,,,,,,,
61,0,2,0,40-80,2500,2500,NaN,0,power strip,nail polish,40,80,power strip15,nail polish12,40,100,2.2,2,4,2.1,2.5,4.9,Stimuli/Experimental_stims/power strip/31oz6aGZN7L._AA262_.jpg,Stimuli/Experimental_stims/nail polish/laquerdUP.jpg,,,,,,,,
62,0,2,0,20-60,2500,2500,NaN,0,pen,fan,20,60,pen4,fan6,40,40,2.2,2.3,2,3.1,3.9,2,Stimuli/Experimental_stims/pen/Montblanc_Greta_Garbo_BP copy.jpg,Stimuli/Experimental_stims/fan/30090.fpx.jpg,,,,,,,,
63,0,2,0,20-40,2500,2500,NaN,1,power strip,license plate,40,20,power strip3,license plate10,60,40,2.2,2.2,4,1,2.5,4.1,Stimuli/Experimental_stims/power strip/67a59858-df1d-43a9-a833-cfeaca77ade9_400.jpg,Stimuli/Experimental_stims/license plate/pa-nfn-011.jpg,,,,,,,,
64,0,2,0,20-60,2500,2500,NaN,0,poker card,fan,20,60,poker card2,fan4,0,60,2.2,2.3,1,3.1,2.7,2,Stimuli/Experimental_stims/poker card/22864716.thl.jpg,Stimuli/Experimental_stims/fan/AFAN39.jpg,,,,,,,,
65,0,2,0,40-80,2500,2500,NaN,1,train,microscope,80,40,train11,microscope7,80,40,2.1,2.2,4.1,3.5,4.5,2.5,Stimuli/Experimental_stims/train/train1.jpg,Stimuli/Experimental_stims/microscope/microscope.jpg,,,,,,,,
66,0,2,0,40-40,2500,2500,NaN,NaN,telescope,trumpet,40,40,telescope8,trumpet13,60,40,2.1,2.3,3.3,2.5,2,2.5,Stimuli/Experimental_stims/telescope/p0006439g.jpg,Stimuli/Experimental_stims/trumpet/JUPITER+JTR1600GS.jpg,,,,,,,,
67,0,2,0,40-40,2500,2500,NaN,NaN,microscope,telescope,40,40,microscope3,telescope12,40,20,2.2,2.1,3.5,3.3,2.5,2,Stimuli/Experimental_stims/microscope/APDB.jpg,Stimuli/Experimental_stims/telescope/Junior Land and Sky Telescope.jpg,,,,,,,,
68,0,2,0,40-80,2500,2500,NaN,0,power strip,baby carriage,40,80,power strip10,baby carriage15,60,100,2.2,2.2,4,3.9,2.5,4.3,Stimuli/Experimental_stims/power strip/6bd437c9-6165-4d36-bf75-9a1038783c6a_400.jpg,Stimuli/Experimental_stims/baby carriage/AANBABYC2.jpg,,,,,,,,
69,0,2,0,40-40,2500,2500,NaN,NaN,telescope,microscope,40,40,telescope5,microscope5,40,40,2.1,2.2,3.3,3.5,2,2.5,Stimuli/Experimental_stims/telescope/digimarc.jpg,Stimuli/Experimental_stims/microscope/emMicroscope.jpg,,,,,,,,
70,0,2,0,60-80,2500,2500,NaN,1,small table,lipstick,80,60,small table4,lipstick13,100,60,2,2.1,4.2,2.4,2.5,3.6,Stimuli/Experimental_stims/small table/ACOFTABLE.jpg,Stimuli/Experimental_stims/lipstick/P184708_hero.jpg,,,,,,,,
71,0,2,0,20-20,2500,2500,NaN,NaN,bowl,pen,20,20,bowl3,pen8,0,20,2.2,2.2,2.9,2,4.5,3.9,Stimuli/Experimental_stims/bowl/ABOWL8.jpg,Stimuli/Experimental_stims/pen/1383_1749_popup copy.jpg,,,,,,,,
72,0,2,0,40-40,2500,2500,NaN,NaN,tent,patio lounge chair,40,40,tent13,patio lounge chair14,60,60,2.2,2.2,2.8,2.9,4.5,4.3,Stimuli/Experimental_stims/tent/camping-tent-north-star.jpg,Stimuli/Experimental_stims/patio lounge chair/2987951.jpg,,,,,,,,
73,0,2,1,NaN,2500,2500,NaN,1,NaN,NaN,NaN,NaN,NaN,NaN,NaN,NaN,NaN,NaN,NaN,NaN,NaN,NaN,NaN,NaN,,,,,,,,
74,0,2,1,NaN,2500,2500,NaN,0,NaN,NaN,NaN,NaN,NaN,NaN,NaN,NaN,NaN,NaN,NaN,NaN,NaN,NaN,NaN,NaN,,,,,,,,
75,0,2,0,60-80,2500,2500,NaN,0,vase,hammer,60,80,vase13,hammer5,80,60,2.3,2,4,2.3,4.7,2.5,Stimuli/Experimental_stims/vase/designer-metal-vase.jpg,Stimuli/Experimental_stims/hammer/hammer02.jpg,,,,,,,,
76,0,2,0,40-80,2500,2500,NaN,1,train,hand bag,80,40,train10,hand bag13,100,40,2.1,2.3,4.1,3.9,4.5,4.5,Stimuli/Experimental_stims/train/train3.jpg,Stimuli/Experimental_stims/hand bag/Ahandbag69.jpg,,,,,,,,
77,0,2,0,20-60,2500,2500,NaN,1,door knob,frame,60,20,door knob13,frame11,80,40,2.1,2.2,4,3.4,2.9,2.6,Stimuli/Experimental_stims/door knob/500_CLAWALBC.jpg,Stimuli/Experimental_stims/frame/AFRAME139.jpg,,,,,,,,
78,0,2,0,60-60,2500,2500,NaN,NaN,lipstick,motorcycle,60,60,lipstick1,motorcycle6,80,40,2.1,2.1,2.4,2.9,3.6,3.6,Stimuli/Experimental_stims/lipstick/P170102_hero.jpg,Stimuli/Experimental_stims/motorcycle/motorcycle45364t4t.jpg,,,,,,,,
79,0,2,1,NaN,2500,2500,NaN,1,NaN,NaN,NaN,NaN,NaN,NaN,NaN,NaN,NaN,NaN,NaN,NaN,NaN,NaN,NaN,NaN,,,,,,,,
80,0,2,0,60-80,2500,2500,NaN,1,bike,fan,80,60,bike1,fan1,80,80,2.3,2.3,2.2,3.1,2.3,2,Stimuli/Experimental_stims/bike/the-go-bike.jpg,Stimuli/Experimental_stims/fan/01393.fpx.jpg,,,,,,,,
81,0,2,1,NaN,2500,2500,NaN,1,NaN,NaN,NaN,NaN,NaN,NaN,NaN,NaN,NaN,NaN,NaN,NaN,NaN,NaN,NaN,NaN,,,,,,,,
82,0,2,0,20-60,2500,2500,NaN,0,yarn,door knob,20,60,yarn3,door knob9,0,40,2.1,2.1,2.8,4,4.9,2.9,Stimuli/Experimental_stims/yarn/Aballofblueya.jpg,Stimuli/Experimental_stims/door knob/d08d31bb-7484-41db-96f9-297aeb8651cd_4.jpg,,,,,,,,
83,0,2,0,60-60,2500,2500,NaN,NaN,watch,flashlight,60,60,watch12,flashlight14,40,60,2.2,2,2.1,2.7,2.5,3.4,Stimuli/Experimental_stims/watch/snl003_MED.jpg,Stimuli/Experimental_stims/flashlight/freeplay-jonta-flashlight.jpg,,,,,,,,
84,0,2,0,80-80,2500,2500,NaN,NaN,dresser,nail polish,80,80,dresser8,nail polish4,80,80,2.3,2,2.9,2.1,1.5,4.9,Stimuli/Experimental_stims/dresser/Adresser14.jpg,Stimuli/Experimental_stims/nail polish/8027_O.jpg,,,,,,,,
85,0,2,0,40-60,2500,2500,NaN,1,watch,hand bag,60,40,watch5,hand bag4,40,60,2.2,2.3,2.1,3.9,2.5,4.5,Stimuli/Experimental_stims/watch/B000GB0Q2K.01-A4LKQQKJ91IUZ._AA280_SCLZZZZZZZ_V66976251_.jpg,Stimuli/Experimental_stims/hand bag/APURSE46.jpg,,,,,,,,
86,0,2,0,60-60,2500,2500,NaN,NaN,door knob,fan,60,60,door knob6,fan7,60,80,2.1,2.3,4,3.1,2.9,2,Stimuli/Experimental_stims/door knob/30fdcb17-b0fd-4f26-8cd8-11adde46fb79_4.jpg,Stimuli/Experimental_stims/fan/250679_lg.jpg,,,,,,,,
87,0,2,1,NaN,2500,2500,NaN,0,NaN,NaN,NaN,NaN,NaN,NaN,NaN,NaN,NaN,NaN,NaN,NaN,NaN,NaN,NaN,NaN,,,,,,,,
88,0,2,1,NaN,2500,2500,NaN,0,NaN,NaN,NaN,NaN,NaN,NaN,NaN,NaN,NaN,NaN,NaN,NaN,NaN,NaN,NaN,NaN,,,,,,,,
89,0,2,0,40-60,2500,2500,NaN,1,bongo,telescope,60,40,bongo14,telescope13,60,40,2.1,2.1,2.9,3.3,3.2,2,Stimuli/Experimental_stims/bongo/26390667.thl.jpg,Stimuli/Experimental_stims/telescope/Telescope_Pewter_br48540a.jpg,,,,,,,,
90,0,2,0,40-60,2500,2500,NaN,1,door knob,telescope,60,40,door knob4,telescope9,80,40,2.1,2.1,4,3.3,2.9,2,Stimuli/Experimental_stims/door knob/chrome scroll latch handle.jpg,Stimuli/Experimental_stims/telescope/13TELESTAND.jpg,,,,,,,,
91,0,2,0,40-80,2500,2500,NaN,1,bike,tent,80,40,bike13,tent14,60,20,2.3,2.2,2.2,2.8,2.3,4.5,Stimuli/Experimental_stims/bike/folding_bike_montague.jpg,Stimuli/Experimental_stims/tent/inflatable-tent.jpg,,,,,,,,
92,0,2,1,NaN,2500,2500,NaN,1,NaN,NaN,NaN,NaN,NaN,NaN,NaN,NaN,NaN,NaN,NaN,NaN,NaN,NaN,NaN,NaN,,,,,,,,
93,0,2,1,NaN,2500,2500,NaN,0,NaN,NaN,NaN,NaN,NaN,NaN,NaN,NaN,NaN,NaN,NaN,NaN,NaN,NaN,NaN,NaN,,,,,,,,
94,0,2,1,NaN,2500,2500,NaN,1,NaN,NaN,NaN,NaN,NaN,NaN,NaN,NaN,NaN,NaN,NaN,NaN,NaN,NaN,NaN,NaN,,,,,,,,
95,0,2,0,20-80,2500,2500,NaN,0,stool,train,20,80,stool15,train12,20,100,2.2,2.1,3.8,4.1,4.2,4.5,Stimuli/Experimental_stims/stool/ASTOOL.jpg,Stimuli/Experimental_stims/train/02565 ride on train.jpg,,,,,,,,
96,0,2,0,20-60,2500,2500,NaN,1,watch,hat,60,20,watch14,hat8,40,20,2.2,2.3,2.1,2.4,2.5,4.7,Stimuli/Experimental_stims/watch/HC06.jpg,Stimuli/Experimental_stims/hat/ABLUEHAT.jpg,,,,,,,,
97,0,2,0,20-40,2500,2500,NaN,0,hat,hand bag,20,40,hat6,hand bag11,20,60,2.3,2.3,2.4,3.9,4.7,4.5,Stimuli/Experimental_stims/hat/Acasualhat5.jpg,Stimuli/Experimental_stims/hand bag/AHANDBAG6.jpg,,,,,,,,
98,0,2,0,40-60,2500,2500,NaN,0,power strip,flashlight,40,60,power strip2,flashlight5,20,80,2.2,2,4,2.7,2.5,3.4,Stimuli/Experimental_stims/power strip/59d69605-c8c8-4899-bd98-2ef78045147e_300.jpg,Stimuli/Experimental_stims/flashlight/Streamlight-71001-Jr-Flashlight-W-batteries-black-B00018A3CG-L.jpg,,,,,,,,
99,0,2,0,20-20,2500,2500,NaN,NaN,bowl,yarn,20,20,bowl8,yarn6,40,40,2.2,2.1,2.9,2.8,4.5,4.9,Stimuli/Experimental_stims/bowl/ASLVBOWL.jpg,Stimuli/Experimental_stims/yarn/edwardian moment hpy sml.jpg,,,,,,,,
100,0,2,1,NaN,2500,2500,NaN,1,NaN,NaN,NaN,NaN,NaN,NaN,NaN,NaN,NaN,NaN,NaN,NaN,NaN,NaN,NaN,NaN,,,,,,,,
101,0,2,0,60-80,2500,2500,NaN,0,fan,baby carriage,60,80,fan15,baby carriage7,60,60,2.3,2.2,3.1,3.9,2,4.3,Stimuli/Experimental_stims/fan/n_hsf.jpg,Stimuli/Experimental_stims/baby carriage/26423282.thl.jpg,,,,,,,,
102,0,2,0,20-80,2500,2500,NaN,1,train,license plate,80,20,train5,license plate3,60,0,2.1,2.2,4.1,1,4.5,4.1,Stimuli/Experimental_stims/train/thumb-briolightsoundsteamengine.jpg,Stimuli/Experimental_stims/license plate/tx-r17-wbx.jpg,,,,,,,,
103,0,2,0,80-80,2500,2500,NaN,NaN,baby carriage,seashell,80,80,baby carriage11,seashell6,80,60,2.2,2.2,3.9,4.5,4.3,2.4,Stimuli/Experimental_stims/baby carriage/Baby_Carriage-2.jpg,Stimuli/Experimental_stims/seashell/PY2H1461.jpg,,,,,,,,
104,0,2,0,20-80,2500,2500,NaN,0,pen,train,20,80,pen5,train15,40,80,2.2,2.1,2,4.1,3.9,4.5,Stimuli/Experimental_stims/pen/1550_1475_popup1.jpg,Stimuli/Experimental_stims/train/master-TD006.jpg,,,,,,,,
105,0,2,0,20-20,2500,2500,NaN,NaN,necklace,hat,20,20,necklace8,hat2,20,0,2.2,2.3,3.6,2.4,3.9,4.7,Stimuli/Experimental_stims/necklace/Anecklace20.jpg,Stimuli/Experimental_stims/hat/Ahatwithfeat7.jpg,,,,,,,,
106,0,2,0,20-40,2500,2500,NaN,0,hat,microscope,20,40,hat14,microscope9,40,60,2.3,2.2,2.4,3.5,4.7,2.5,Stimuli/Experimental_stims/hat/Ahat136.jpg,Stimuli/Experimental_stims/microscope/AMICROS34.jpg,,,,,,,,
107,0,2,0,80-80,2500,2500,NaN,NaN,bike,small table,80,80,bike4,small table7,100,100,2.3,2,2.2,4.2,2.3,2.5,Stimuli/Experimental_stims/bike/00000104285-HaroBikesMirra540Air-large.jpg,Stimuli/Experimental_stims/small table/ATABLE89.jpg,,,,,,,,
108,0,2,0,40-60,2500,2500,NaN,1,vase,telescope,60,40,vase15,telescope4,40,60,2.3,2.1,4,3.3,4.7,2,Stimuli/Experimental_stims/vase/catphoto.jpg,Stimuli/Experimental_stims/telescope/TELESCOPE_BLACK_GOOD_SMALL.jpg,,,,,,,,
109,0,2,0,20-40,2500,2500,NaN,0,necklace,telescope,20,40,necklace15,telescope3,0,60,2.2,2.1,3.6,3.3,3.9,2,Stimuli/Experimental_stims/necklace/necklascenew04.jpg,Stimuli/Experimental_stims/telescope/41V67SB5NJL._SS500_.jpg,,,,,,,,
110,0,2,1,NaN,2500,2500,NaN,0,NaN,NaN,NaN,NaN,NaN,NaN,NaN,NaN,NaN,NaN,NaN,NaN,NaN,NaN,NaN,NaN,,,,,,,,
111,0,2,1,NaN,2500,2500,NaN,0,NaN,NaN,NaN,NaN,NaN,NaN,NaN,NaN,NaN,NaN,NaN,NaN,NaN,NaN,NaN,NaN,,,,,,,,
112,0,2,0,60-80,2500,2500,NaN,0,door knob,makeup compact,60,80,door knob2,makeup compact4,80,80,2.1,2.3,4,2.5,2.9,3.3,Stimuli/Experimental_stims/door knob/500_DECWHIPB.jpg,Stimuli/Experimental_stims/makeup compact/262668_fpx.jpg,,,,,,,,
113,0,2,1,NaN,2500,2500,NaN,1,NaN,NaN,NaN,NaN,NaN,NaN,NaN,NaN,NaN,NaN,NaN,NaN,NaN,NaN,NaN,NaN,,,,,,,,
114,0,2,0,20-20,2500,2500,NaN,NaN,frame,bowl,20,20,frame8,bowl12,0,20,2.2,2.2,3.4,2.9,2.6,4.5,Stimuli/Experimental_stims/frame/AFRAME154.jpg,Stimuli/Experimental_stims/bowl/Abowl52.jpg,,,,,,,,
115,0,2,0,60-60,2500,2500,NaN,NaN,motorcycle,vase,60,60,motorcycle10,vase6,80,80,2.1,2.3,2.9,4,3.6,4.7,Stimuli/Experimental_stims/motorcycle/motorcycle17.jpg,Stimuli/Experimental_stims/vase/vase_crystal.jpg,,,,,,,,
116,0,2,1,NaN,2500,2500,NaN,1,NaN,NaN,NaN,NaN,NaN,NaN,NaN,NaN,NaN,NaN,NaN,NaN,NaN,NaN,NaN,NaN,,,,,,,,
117,0,2,0,20-80,2500,2500,NaN,1,nail polish,frame,80,20,nail polish15,frame13,80,0,2,2.2,2.1,3.4,4.9,2.6,Stimuli/Experimental_stims/nail polish/MA_NP_WSD.jpg,Stimuli/Experimental_stims/frame/AFRAME115.jpg,,,,,,,,
118,0,2,0,20-80,2500,2500,NaN,,hat,nail polish,20,80,hat4,nail polish6,40,60,2.3,2,2.4,2.1,4.7,4.9,Stimuli/Experimental_stims/hat/JS370.jpg,Stimuli/Experimental_stims/nail polish/127_t.jpg,,,,,,,,
119,0,2,1,NaN,2500,2500,NaN,0,NaN,NaN,NaN,NaN,NaN,NaN,NaN,NaN,NaN,NaN,NaN,NaN,NaN,NaN,NaN,NaN,,,,,,,,
120,0,3,0,40-80,2500,2500,NaN,1,small table,power strip,80,40,small table11,power strip11,80,60,2,2.2,4.2,4,2.5,2.5,Stimuli/Experimental_stims/small table/ATABLE83.jpg,Stimuli/Experimental_stims/power strip/41Bw7Tl1G7L._AA262_.jpg,,,,,,,,
121,0,3,0,60-80,2500,2500,NaN,1,dresser,flashlight,80,60,dresser15,flashlight10,100,80,2.3,2,2.9,2.7,1.5,3.4,Stimuli/Experimental_stims/dresser/ADRESSE77.jpg,Stimuli/Experimental_stims/flashlight/834784_sk_lg.jpg,,,,,,,,
122,0,3,0,20-40,2500,2500,NaN,1,power strip,license plate,40,20,power strip8,license plate4,20,0,2.2,2.2,4,1,2.5,4.1,Stimuli/Experimental_stims/power strip/3118YGHQWXL._AA262_.jpg,Stimuli/Experimental_stims/license plate/ca-2flt842.jpg,,,,,,,,
123,0,3,0,60-60,2500,2500,NaN,NaN,watch,bongo,60,60,watch15,bongo2,80,80,2.2,2.1,2.1,2.9,2.5,3.2,Stimuli/Experimental_stims/watch/20-171-6.jpg,Stimuli/Experimental_stims/bongo/26390663.thl.jpg,,,,,,,,
124,0,3,0,20-40,2500,2500,NaN,0,stool,trumpet,20,40,stool1,trumpet2,40,60,2.2,2.3,3.8,2.5,4.2,2.5,Stimuli/Experimental_stims/stool/ASTOOL42.jpg,Stimuli/Experimental_stims/trumpet/Matt-Stevens-Pocket-Trumpet.jpg,,,,,,,,
125,0,3,0,60-80,2500,2500,NaN,1,hammer,key chain,80,60,hammer6,key chain10,100,60,2,2.2,2.3,4.5,2.5,4.4,Stimuli/Experimental_stims/hammer/hammer03.jpg,Stimuli/Experimental_stims/key chain/Smurfs_Keychains_Smurf_Row_Boat.jpg,,,,,,,,
126,0,3,0,20-40,2500,2500,NaN,0,yarn,desk,20,40,yarn4,desk4,20,60,2.1,2.3,2.8,3.5,4.9,2.4,Stimuli/Experimental_stims/yarn/amethyst dreaming boho hy sml.jpg,Stimuli/Experimental_stims/desk/AbbeyMiniRadialBIG(1).jpg,,,,,,,,
127,0,3,0,40-40,2500,2500,NaN,NaN,trumpet,telescope,40,40,trumpet10,telescope1,40,40,2.3,2.1,2.5,3.3,2.5,2,Stimuli/Experimental_stims/trumpet/trumpet2.jpg,Stimuli/Experimental_stims/telescope/celestron nexstar 114 gt reflector telescope.jpg,,,,,,,,
128,0,3,0,80-80,2500,2500,NaN,NaN,nail polish,baby carriage,80,80,nail polish13,baby carriage3,80,100,2,2.2,2.1,3.9,4.9,4.3,Stimuli/Experimental_stims/nail polish/31cR10fzlML._AA280_.jpg,Stimuli/Experimental_stims/baby carriage/Stroller.jpg,,,,,,,,
129,0,3,1,NaN,2500,2500,NaN,1,NaN,NaN,NaN,NaN,NaN,NaN,NaN,NaN,NaN,NaN,NaN,NaN,NaN,NaN,NaN,NaN,,,,,,,,
130,0,3,0,20-80,2500,2500,NaN,1,small table,pen,80,20,small table5,pen7,60,20,2,2.2,4.2,2,2.5,3.9,Stimuli/Experimental_stims/small table/Atable145.jpg,Stimuli/Experimental_stims/pen/1259_2341_popup1.jpg,,,,,,,,
131,0,3,1,NaN,2500,2500,NaN,0,NaN,NaN,NaN,NaN,NaN,NaN,NaN,NaN,NaN,NaN,NaN,NaN,NaN,NaN,NaN,NaN,,,,,,,,
132,0,3,0,60-80,2500,2500,NaN,1,small table,flashlight,80,60,small table13,flashlight7,80,60,2,2,4.2,2.7,2.5,3.4,Stimuli/Experimental_stims/small table/ATABLE25.jpg,Stimuli/Experimental_stims/flashlight/11900.jpg,,,,,,,,
133,0,3,0,40-60,2500,2500,NaN,1,motorcycle,trumpet,60,40,motorcycle1,trumpet1,40,40,2.1,2.3,2.9,2.5,3.6,2.5,Stimuli/Experimental_stims/motorcycle/motorcycle30.jpg,Stimuli/Experimental_stims/trumpet/JUPITER+TROMPETTE+606MRL.JPG,,,,,,,,
134,0,3,0,80-80,2500,2500,NaN,NaN,dresser,train,80,80,dresser1,train14,100,100,2.3,2.1,2.9,4.1,1.5,4.5,Stimuli/Experimental_stims/dresser/ADRESSE52.jpg,Stimuli/Experimental_stims/train/images-products-childcraft-g83501.jpg,,,,,,,,
135,0,3,1,NaN,2500,2500,NaN,0,NaN,NaN,NaN,NaN,NaN,NaN,NaN,NaN,NaN,NaN,NaN,NaN,NaN,NaN,NaN,NaN,,,,,,,,
136,0,3,0,40-60,2500,2500,NaN,0,power strip,motorcycle,40,60,power strip21,motorcycle2,,40,2.2,2.1,4,2.9,2.5,3.6,Stimuli/Experimental_stims/power strip/extra/901413ee-3e05-4b23-a987-b93308167d5a_400.jpg,Stimuli/Experimental_stims/motorcycle/motorcycle33.jpg,,,,,,,,
137,0,3,0,40-40,2500,2500,NaN,NaN,power strip,telescope,40,40,power strip20,telescope7,,20,2.2,2.1,4,3.3,2.5,2,Stimuli/Experimental_stims/power strip/extra/411XYRXH01L._AA262_.jpg,Stimuli/Experimental_stims/telescope/telescope-talm.jpg,,,,,,,,
138,0,3,0,20-20,2500,2500,NaN,NaN,hat,stool,20,20,hat3,stool2,40,0,2.3,2.2,2.4,3.8,4.7,4.2,Stimuli/Experimental_stims/hat/Astrawhat49.jpg,Stimuli/Experimental_stims/stool/ASTOOL46.jpg,,,,,,,,
139,0,3,1,NaN,2500,2500,NaN,1,NaN,NaN,NaN,NaN,NaN,NaN,NaN,NaN,NaN,NaN,NaN,NaN,NaN,NaN,NaN,NaN,,,,,,,,
140,0,3,0,40-40,2500,2500,NaN,NaN,hand bag,sofa,40,40,hand bag8,sofa12,40,40,2.3,2.2,3.9,3.1,4.5,4.6,Stimuli/Experimental_stims/hand bag/Ahandbag13.jpg,Stimuli/Experimental_stims/sofa/ShelterSofaS6.jpg,,,,,,,,
141,0,3,0,20-80,2500,2500,NaN,0,hat,dresser,20,80,hat1,dresser11,40,80,2.3,2.3,2.4,2.9,4.7,1.5,Stimuli/Experimental_stims/hat/AGREENHAT.jpg,Stimuli/Experimental_stims/dresser/ADRESSE66.jpg,,,,,,,,
142,0,3,0,40-60,2500,2500,NaN,0,power strip,lipstick,40,60,power strip16,lipstick10,,40,2.2,2.1,4,2.4,2.5,3.6,Stimuli/Experimental_stims/power strip/extra/6dc7b990-2c32-43ec-ab81-43a4d9c31e19_400.jpg,Stimuli/Experimental_stims/lipstick/21K0D7QKFAL._SS500_.jpg,,,,,,,,
143,0,3,1,NaN,2500,2500,NaN,0,NaN,NaN,NaN,NaN,NaN,NaN,NaN,NaN,NaN,NaN,NaN,NaN,NaN,NaN,NaN,NaN,,,,,,,,
144,0,3,0,20-80,2500,2500,NaN,1,nail polish,stool,80,20,nail polish9,stool12,100,40,2,2.2,2.1,3.8,4.9,4.2,Stimuli/Experimental_stims/nail polish/8037_O.jpg,Stimuli/Experimental_stims/stool/henrybar_stool1.jpg,,,,,,,,
145,0,3,0,20-40,2500,2500,NaN,0,necklace,microscope,20,40,necklace4,microscope4,0,40,2.2,2.2,3.6,3.5,3.9,2.5,Stimuli/Experimental_stims/necklace/emerald_diamond_necklace.jpg,Stimuli/Experimental_stims/microscope/55071208.JPG,,,,,,,,
146,0,3,0,20-20,2500,2500,NaN,NaN,bowl,yarn,20,20,bowl7,yarn8,20,40,2.2,2.1,2.9,2.8,4.5,4.9,Stimuli/Experimental_stims/bowl/Abowl54.jpg,Stimuli/Experimental_stims/yarn/smonlineyarn-285x250.jpg,,,,,,,,
147,0,3,0,40-80,2500,2500,NaN,0,patio lounge chair,baby carriage,40,80,patio lounge chair3,baby carriage14,40,100,2.2,2.2,2.9,3.9,4.3,4.3,Stimuli/Experimental_stims/patio lounge chair/Lounge_Chair.jpg,Stimuli/Experimental_stims/baby carriage/peg_perego_uno_verde.jpg,,,,,,,,
148,0,3,1,NaN,2500,2500,NaN,0,NaN,NaN,NaN,NaN,NaN,NaN,NaN,NaN,NaN,NaN,NaN,NaN,NaN,NaN,NaN,NaN,,,,,,,,
149,0,3,0,40-80,2500,2500,NaN,0,patio lounge chair,bike,40,80,patio lounge chair9,bike14,20,100,2.2,2.3,2.9,2.2,4.3,2.3,Stimuli/Experimental_stims/patio lounge chair/43-3.jpg,Stimuli/Experimental_stims/bike/safety_bike.jpg,,,,,,,,
150,0,3,1,NaN,2500,2500,NaN,0,NaN,NaN,NaN,NaN,NaN,NaN,NaN,NaN,NaN,NaN,NaN,NaN,NaN,NaN,NaN,NaN,,,,,,,,
151,0,3,0,60-60,2500,2500,NaN,NaN,key chain,flashlight,60,60,key chain14,flashlight12,80,40,2.2,2,4.5,2.7,4.4,3.4,Stimuli/Experimental_stims/key chain/Jif Keychain 285.jpg,Stimuli/Experimental_stims/flashlight/new05.jpg,,,,,,,,
152,0,3,0,60-60,2500,2500,NaN,NaN,bongo,door knob,60,60,bongo15,door knob8,60,40,2.1,2.1,2.9,4,3.2,2.9,Stimuli/Experimental_stims/bongo/26390728.thl.jpg,Stimuli/Experimental_stims/door knob/pro_l_116_medeco437ul.jpg,,,,,,,,
153,0,3,0,80-80,2500,2500,NaN,NaN,baby carriage,train,80,80,baby carriage13,train3,100,80,2.2,2.1,3.9,4.1,4.3,4.5,Stimuli/Experimental_stims/baby carriage/300px-Barnevogn2.jpg,Stimuli/Experimental_stims/train/stackloco.jpg,,,,,,,,
154,0,3,0,60-80,2500,2500,NaN,0,door knob,seashell,60,80,door knob7,seashell3,60,80,2.1,2.2,4,4.5,2.9,2.4,Stimuli/Experimental_stims/door knob/doorknob2.jpg,Stimuli/Experimental_stims/seashell/coquillage.jpg,,,,,,,,
155,0,3,1,NaN,2500,2500,NaN,1,NaN,NaN,NaN,NaN,NaN,NaN,NaN,NaN,NaN,NaN,NaN,NaN,NaN,NaN,NaN,NaN,,,,,,,,
156,0,3,0,20-60,2500,2500,NaN,1,door knob,yarn,60,20,door knob15,yarn14,40,20,2.1,2.1,4,2.8,2.9,4.9,Stimuli/Experimental_stims/door knob/Legacy_oval.jpg,Stimuli/Experimental_stims/yarn/Aballofyarn3.jpg,,,,,,,,
157,0,3,1,NaN,2500,2500,NaN,0,NaN,NaN,NaN,NaN,NaN,NaN,NaN,NaN,NaN,NaN,NaN,NaN,NaN,NaN,NaN,NaN,,,,,,,,
158,0,3,0,20-60,2500,2500,NaN,1,watch,license plate,60,20,watch13,license plate14,80,20,2.2,2.2,2.1,1,2.5,4.1,Stimuli/Experimental_stims/watch/RS_3104_lrg.jpg,Stimuli/Experimental_stims/license plate/fl-hel-bel.jpg,,,,,,,,
159,0,3,0,40-60,2500,2500,NaN,0,patio lounge chair,lipstick,40,60,patio lounge chair10,lipstick2,40,80,2.2,2.1,2.9,2.4,4.3,3.6,Stimuli/Experimental_stims/patio lounge chair/51831.jpg,Stimuli/Experimental_stims/lipstick/11uuoPMY+OL._SS500_.jpg,,,,,,,,
160,0,3,1,NaN,2500,2500,NaN,0,NaN,NaN,NaN,NaN,NaN,NaN,NaN,NaN,NaN,NaN,NaN,NaN,NaN,NaN,NaN,NaN,,,,,,,,
161,0,3,0,20-20,2500,2500,NaN,NaN,pen,frame,20,20,pen10,frame12,0,40,2.2,2.2,2,3.4,3.9,2.6,Stimuli/Experimental_stims/pen/VP-Raden-FP-L copy.jpg,Stimuli/Experimental_stims/frame/AFRAME138.jpg,,,,,,,,
162,0,3,0,40-80,2500,2500,NaN,1,hammer,sofa,80,40,hammer12,sofa14,80,60,2,2.2,2.3,3.1,2.5,4.6,Stimuli/Experimental_stims/hammer/24oz hammer.jpg,Stimuli/Experimental_stims/sofa/HENRY-Sofa-falg8068-05-72X34X34.jpg,,,,,,,,
163,0,3,0,40-40,2500,2500,NaN,NaN,hand bag,sofa,40,40,hand bag3,sofa9,20,60,2.3,2.2,3.9,3.1,4.5,4.6,Stimuli/Experimental_stims/hand bag/APURSE52.jpg,Stimuli/Experimental_stims/sofa/ALOVSEAT9.jpg,,,,,,,,
164,0,3,0,20-20,2500,2500,NaN,NaN,hat,poker card,20,20,hat5,poker card11,0,40,2.3,2.2,2.4,1,4.7,2.7,Stimuli/Experimental_stims/hat/AREDHAT4.jpg,Stimuli/Experimental_stims/poker card/9817013.thl.jpg,,,,,,,,
165,0,3,0,60-60,2500,2500,NaN,NaN,fan,bongo,60,60,fan13,bongo8,40,40,2.3,2.1,3.1,2.9,2,3.2,Stimuli/Experimental_stims/fan/511976_sk_lg.jpg,Stimuli/Experimental_stims/bongo/26390661.thl.jpg,,,,,,,,
166,0,3,1,NaN,2500,2500,NaN,1,NaN,NaN,NaN,NaN,NaN,NaN,NaN,NaN,NaN,NaN,NaN,NaN,NaN,NaN,NaN,NaN,,,,,,,,
167,0,3,1,NaN,2500,2500,NaN,1,NaN,NaN,NaN,NaN,NaN,NaN,NaN,NaN,NaN,NaN,NaN,NaN,NaN,NaN,NaN,NaN,,,,,,,,
168,0,3,0,80-80,2500,2500,NaN,NaN,bike,seashell,80,80,bike3,seashell1,60,80,2.3,2.2,2.2,4.5,2.3,2.4,Stimuli/Experimental_stims/bike/RACING-BIKE-13540473898.jpg,Stimuli/Experimental_stims/seashell/Aseashe34.jpg,,,,,,,,
169,0,3,0,20-40,2500,2500,NaN,0,poker card,desk,20,40,poker card6,desk7,40,60,2.2,2.3,1,3.5,2.7,2.4,Stimuli/Experimental_stims/poker card/22864212.thl.jpg,Stimuli/Experimental_stims/desk/D-3  One drawer desk  Ming 41.5x25x32.jpg,,,,,,,,
170,0,3,1,NaN,2500,2500,NaN,1,NaN,NaN,NaN,NaN,NaN,NaN,NaN,NaN,NaN,NaN,NaN,NaN,NaN,NaN,NaN,NaN,,,,,,,,
171,0,3,0,40-40,2500,2500,NaN,NaN,power strip,telescope,40,40,power strip9,telescope2,60,20,2.2,2.1,4,3.3,2.5,2,Stimuli/Experimental_stims/power strip/9ad9cb76-bc97-4f44-999c-27e7aa039743_400.jpg,Stimuli/Experimental_stims/telescope/Brass-telescope-60700.jpg,,,,,,,,
172,0,3,1,NaN,2500,2500,NaN,0,NaN,NaN,NaN,NaN,NaN,NaN,NaN,NaN,NaN,NaN,NaN,NaN,NaN,NaN,NaN,NaN,,,,,,,,
173,0,3,0,20-80,2500,2500,NaN,1,hammer,pen,80,20,hammer4,pen14,60,20,2,2.2,2.3,2,2.5,3.9,Stimuli/Experimental_stims/hammer/hammernew01.jpg,Stimuli/Experimental_stims/pen/pen05.jpg,,,,,,,,
174,0,3,0,60-60,2500,2500,NaN,NaN,door knob,lipstick,60,60,door knob14,lipstick12,60,80,2.1,2.1,4,2.4,2.9,3.6,Stimuli/Experimental_stims/door knob/500_CLANYKAB.jpg,Stimuli/Experimental_stims/lipstick/P173709_hero.jpg,,,,,,,,
175,0,3,0,20-20,2500,2500,NaN,NaN,stool,necklace,20,20,stool3,necklace9,20,0,2.2,2.2,3.8,3.6,4.2,3.9,Stimuli/Experimental_stims/stool/ASTOOL44.jpg,Stimuli/Experimental_stims/necklace/ANECKLACE.jpg,,,,,,,,
176,0,3,0,80-80,2500,2500,NaN,NaN,makeup compact,baby carriage,80,80,makeup compact8,baby carriage4,80,60,2.3,2.2,2.5,3.9,3.3,4.3,Stimuli/Experimental_stims/makeup compact/P189207_hero.jpg,Stimuli/Experimental_stims/baby carriage/26373711.thl.jpg,,,,,,,,
177,0,3,0,20-60,2500,2500,NaN,0,stool,bongo,20,60,stool13,bongo6,0,40,2.2,2.1,3.8,2.9,4.2,3.2,Stimuli/Experimental_stims/stool/ASTOOL38.jpg,Stimuli/Experimental_stims/bongo/ABONGO9.jpg,,,,,,,,
178,0,3,1,NaN,2500,2500,NaN,1,NaN,NaN,NaN,NaN,NaN,NaN,NaN,NaN,NaN,NaN,NaN,NaN,NaN,NaN,NaN,NaN,,,,,,,,
179,0,3,0,20-60,2500,2500,NaN,0,poker card,key chain,20,60,poker card10,key chain8,20,60,2.2,2.2,1,4.5,2.7,4.4,Stimuli/Experimental_stims/poker card/22864488.thl.jpg,Stimuli/Experimental_stims/key chain/Keychain01.jpg,,,,,,,,
180,0,4,0,40-40,2500,2500,NaN,NaN,sofa,power strip,40,40,sofa8,power strip5,60,40,2.2,2.2,3.1,4,4.6,2.5,Stimuli/Experimental_stims/sofa/allegro-leather-sofa-med2.jpg,Stimuli/Experimental_stims/power strip/93e4a283-bcd6-4ad1-8add-339658cda0fc_400.jpg,,,,,,,,
181,0,4,0,60-60,2500,2500,NaN,NaN,door knob,bongo,60,60,door knob3,bongo7,80,80,2.1,2.1,4,2.9,2.9,3.2,Stimuli/Experimental_stims/door knob/020f7ec6-df08-40fa-b3a5-0dcfb762f085_4.jpg,Stimuli/Experimental_stims/bongo/26461075.thl.jpg,,,,,,,,
182,0,4,0,20-40,2500,2500,NaN,0,hat,sofa,20,40,hat7,sofa1,20,60,2.3,2.2,2.4,3.1,4.7,4.6,Stimuli/Experimental_stims/hat/ASTRHATFL.jpg,Stimuli/Experimental_stims/sofa/sofa-Nicholassingleseater-th.jpg,,,,,,,,
183,0,4,0,40-80,2500,2500,NaN,0,desk,hammer,40,80,desk15,hammer7,40,80,2.3,2,3.5,2.3,2.4,2.5,Stimuli/Experimental_stims/desk/ADESK21.jpg,Stimuli/Experimental_stims/hammer/hammer01.jpg,,,,,,,,
184,0,4,1,NaN,2500,2500,NaN,1,NaN,NaN,NaN,NaN,NaN,NaN,NaN,NaN,NaN,NaN,NaN,NaN,NaN,NaN,NaN,NaN,,,,,,,,
185,0,4,0,20-40,2500,2500,NaN,0,frame,desk,20,40,frame2,desk12,40,20,2.2,2.3,3.4,3.5,2.6,2.4,Stimuli/Experimental_stims/frame/AFRAME23.jpg,Stimuli/Experimental_stims/desk/ADESK19.jpg,,,,,,,,
186,0,4,0,40-40,2500,2500,NaN,NaN,microscope,hand bag,40,40,microscope8,hand bag7,60,40,2.2,2.3,3.5,3.9,2.5,4.5,Stimuli/Experimental_stims/microscope/AMICROS21.jpg,Stimuli/Experimental_stims/hand bag/stingray-leather-hobo-handbag-1.jpg,,,,,,,,
187,0,4,1,NaN,2500,2500,NaN,0,NaN,NaN,NaN,NaN,NaN,NaN,NaN,NaN,NaN,NaN,NaN,NaN,NaN,NaN,NaN,NaN,,,,,,,,
188,0,4,0,20-20,2500,2500,NaN,NaN,yarn,necklace,20,20,yarn15,necklace2,0,40,2.1,2.2,2.8,3.6,4.9,3.9,Stimuli/Experimental_stims/yarn/rainbowscarf-600x394.jpg,Stimuli/Experimental_stims/necklace/Anecklace7.jpg,,,,,,,,
189,0,4,1,NaN,2500,2500,NaN,0,NaN,NaN,NaN,NaN,NaN,NaN,NaN,NaN,NaN,NaN,NaN,NaN,NaN,NaN,NaN,NaN,,,,,,,,
190,0,4,0,40-60,2500,2500,NaN,1,watch,telescope,60,40,watch9,telescope11,60,60,2.2,2.1,2.1,3.3,2.5,2,Stimuli/Experimental_stims/watch/mens-diamond-watches-euro-48733-ab.jpg,Stimuli/Experimental_stims/telescope/digimarc.ms03.jpg,,,,,,,,
191,0,4,1,NaN,2500,2500,NaN,1,NaN,NaN,NaN,NaN,NaN,NaN,NaN,NaN,NaN,NaN,NaN,NaN,NaN,NaN,NaN,NaN,,,,,,,,
192,0,4,0,40-80,2500,2500,NaN,1,bike,microscope,80,40,bike7,microscope2,60,20,2.3,2.2,2.2,3.5,2.3,2.5,Stimuli/Experimental_stims/bike/bike.jpg,Stimuli/Experimental_stims/microscope/3090-b.jpg,,,,,,,,
193,0,4,0,20-60,2500,2500,NaN,1,key chain,frame,60,20,key chain4,frame15,40,20,2.2,2.2,4.5,3.4,4.4,2.6,Stimuli/Experimental_stims/key chain/Gumby_Green-Keychain.jpg,Stimuli/Experimental_stims/frame/AFRAME13.jpg,,,,,,,,
194,0,4,1,NaN,2500,2500,NaN,1,NaN,NaN,NaN,NaN,NaN,NaN,NaN,NaN,NaN,NaN,NaN,NaN,NaN,NaN,NaN,NaN,,,,,,,,
195,0,4,0,40-40,2500,2500,NaN,NaN,trumpet,tent,40,40,trumpet5,tent10,60,40,2.3,2.2,2.5,2.8,2.5,4.5,Stimuli/Experimental_stims/trumpet/408l.jpg,Stimuli/Experimental_stims/tent/TENT-DUTCH-GD1-1.jpg,,,,,,,,
196,0,4,0,40-80,2500,2500,NaN,0,patio lounge chair,makeup compact,40,80,patio lounge chair11,makeup compact11,20,80,2.2,2.3,2.9,2.5,4.3,3.3,Stimuli/Experimental_stims/patio lounge chair/51830.jpg,Stimuli/Experimental_stims/makeup compact/P190255_hero.jpg,,,,,,,,
197,0,4,0,40-60,2500,2500,NaN,0,microscope,watch,40,60,microscope12,watch7,20,40,2.2,2.2,3.5,2.1,2.5,2.5,Stimuli/Experimental_stims/microscope/usbdigitalmicroscope1_small1.jpg,Stimuli/Experimental_stims/watch/0900631b80baee56M.jpg,,,,,,,,
198,0,4,0,60-80,2500,2500,NaN,1,train,lipstick,80,60,train8,lipstick14,60,80,2.1,2.1,4.1,2.4,4.5,3.6,Stimuli/Experimental_stims/train/PL51190.jpg,Stimuli/Experimental_stims/lipstick/P109907_hero.jpg,,,,,,,,
199,0,4,0,60-80,2500,2500,NaN,1,nail polish,key chain,80,60,nail polish1,key chain6,60,80,2,2.2,2.1,4.5,4.9,4.4,Stimuli/Experimental_stims/nail polish/200.jpg,Stimuli/Experimental_stims/key chain/highboy_keychain_ItemCA75384.jpg,,,,,,,,
200,0,4,0,80-80,2500,2500,NaN,NaN,baby carriage,hammer,80,80,baby carriage6,hammer10,80,60,2.2,2,3.9,2.3,4.3,2.5,Stimuli/Experimental_stims/baby carriage/Baby_Stroller-1.jpg,Stimuli/Experimental_stims/hammer/Tabla Hammer.JPG,,,,,,,,
201,0,4,1,NaN,2500,2500,NaN,0,NaN,NaN,NaN,NaN,NaN,NaN,NaN,NaN,NaN,NaN,NaN,NaN,NaN,NaN,NaN,NaN,,,,,,,,
202,0,4,1,NaN,2500,2500,NaN,0,NaN,NaN,NaN,NaN,NaN,NaN,NaN,NaN,NaN,NaN,NaN,NaN,NaN,NaN,NaN,NaN,,,,,,,,
203,0,4,1,NaN,2500,2500,NaN,0,NaN,NaN,NaN,NaN,NaN,NaN,NaN,NaN,NaN,NaN,NaN,NaN,NaN,NaN,NaN,NaN,,,,,,,,
204,0,4,0,20-60,2500,2500,NaN,1,bongo,license plate,60,20,bongo1,license plate1,80,40,2.1,2.2,2.9,1,3.2,4.1,Stimuli/Experimental_stims/bongo/ABONGO22.jpg,Stimuli/Experimental_stims/license plate/il-423-3784.jpg,,,,,,,,
205,0,4,0,60-80,2500,2500,NaN,0,key chain,train,60,80,key chain12,train6,80,80,2.2,2.1,4.5,4.1,4.4,4.5,Stimuli/Experimental_stims/key chain/keychain.jpg,Stimuli/Experimental_stims/train/train9.jpg,,,,,,,,
206,0,4,0,20-20,2500,2500,NaN,NaN,frame,necklace,20,20,frame3,necklace6,20,0,2.2,2.2,3.4,3.6,2.6,3.9,Stimuli/Experimental_stims/frame/AFRAME132.jpg,Stimuli/Experimental_stims/necklace/Agoldnecklace.jpg,,,,,,,,
207,0,4,0,20-80,2500,2500,NaN,0,frame,hammer,20,80,frame5,hammer1,0,80,2.2,2,3.4,2.3,2.6,2.5,Stimuli/Experimental_stims/frame/AFRAME136.jpg,Stimuli/Experimental_stims/hammer/fosnaugh.hammer.jpg,,,,,,,,
208,0,4,0,60-80,2500,2500,NaN,1,train,watch,80,60,train9,watch11,60,60,2.1,2.2,4.1,2.1,4.5,2.5,Stimuli/Experimental_stims/train/train2.jpg,Stimuli/Experimental_stims/watch/B00020ODHO.01-A2E7J74KJYV9ZH._AA280_SCLZZZZZZZ_V65957276_.jpg,,,,,,,,
209,0,4,0,20-60,2500,2500,NaN,1,fan,necklace,60,20,fan5,necklace10,80,20,2.3,2.2,3.1,3.6,2,3.9,Stimuli/Experimental_stims/fan/Table_Fan.jpg,Stimuli/Experimental_stims/necklace/necklascenew03.jpg,,,,,,,,
210,0,4,0,80-80,2500,2500,NaN,NaN,dresser,seashell,80,80,dresser9,seashell15,60,100,2.3,2.2,2.9,4.5,1.5,2.4,Stimuli/Experimental_stims/dresser/ADRESSER.jpg,Stimuli/Experimental_stims/seashell/ASEASHE39.jpg,,,,,,,,
211,0,4,1,NaN,2500,2500,NaN,0,NaN,NaN,NaN,NaN,NaN,NaN,NaN,NaN,NaN,NaN,NaN,NaN,NaN,NaN,NaN,NaN,,,,,,,,
212,0,4,0,80-80,2500,2500,NaN,NaN,baby carriage,small table,80,80,baby carriage5,small table3,100,60,2.2,2,3.9,4.2,4.3,2.5,Stimuli/Experimental_stims/baby carriage/Baby_Stroller.jpg,Stimuli/Experimental_stims/small table/Atable122.jpg,,,,,,,,
213,0,4,0,20-80,2500,2500,NaN,0,license plate,makeup compact,20,80,license plate6,makeup compact2,0,80,2.2,2.3,1,2.5,4.1,3.3,Stimuli/Experimental_stims/license plate/ak-cru-684.jpg,Stimuli/Experimental_stims/makeup compact/P183922_hero.jpg,,,,,,,,
214,0,4,0,20-80,2500,2500,NaN,0,frame,bike,20,80,frame4,bike9,40,80,2.2,2.3,3.4,2.2,2.6,2.3,Stimuli/Experimental_stims/frame/AFRAME125.jpg,Stimuli/Experimental_stims/bike/Folding_Bike.jpg,,,,,,,,
215,0,4,0,20-40,2500,2500,NaN,1,power strip,bowl,40,20,power strip12,bowl14,60,20,2.2,2.2,4,2.9,2.5,4.5,Stimuli/Experimental_stims/power strip/41CXESEH1TL._AA262_.jpg,Stimuli/Experimental_stims/bowl/Aredglassbowl.jpg,,,,,,,,
216,0,4,1,NaN,2500,2500,NaN,1,NaN,NaN,NaN,NaN,NaN,NaN,NaN,NaN,NaN,NaN,NaN,NaN,NaN,NaN,NaN,NaN,,,,,,,,
217,0,4,0,20-60,2500,2500,NaN,1,motorcycle,frame,60,20,motorcycle3,frame14,80,40,2.1,2.2,2.9,3.4,3.6,2.6,Stimuli/Experimental_stims/motorcycle/motorcycle40.jpg,Stimuli/Experimental_stims/frame/AFRAME129.jpg,,,,,,,,
218,0,4,1,NaN,2500,2500,NaN,1,NaN,NaN,NaN,NaN,NaN,NaN,NaN,NaN,NaN,NaN,NaN,NaN,NaN,NaN,NaN,NaN,,,,,,,,
219,0,4,1,NaN,2500,2500,NaN,1,NaN,NaN,NaN,NaN,NaN,NaN,NaN,NaN,NaN,NaN,NaN,NaN,NaN,NaN,NaN,NaN,,,,,,,,
220,0,4,0,20-60,2500,2500,NaN,1,fan,hat,60,20,fan8,hat15,60,20,2.3,2.3,3.1,2.4,2,4.7,Stimuli/Experimental_stims/fan/f_tf1224_angle.jpg,Stimuli/Experimental_stims/hat/AFISHHAT2.jpg,,,,,,,,
221,0,4,0,40-60,2500,2500,NaN,0,desk,vase,40,60,desk10,vase2,20,40,2.3,2.3,3.5,4,2.4,4.7,Stimuli/Experimental_stims/desk/MEX028.jpg,Stimuli/Experimental_stims/vase/Avase106.jpg,,,,,,,,
222,0,4,0,20-40,2500,2500,NaN,1,patio lounge chair,license plate,40,20,patio lounge chair12,license plate12,40,40,2.2,2.2,2.9,1,4.3,4.1,Stimuli/Experimental_stims/patio lounge chair/rw-mendocinoultrachaisepc032-lg.jpg,Stimuli/Experimental_stims/license plate/TurtleLicensePlate.jpg,,,,,,,,
223,0,4,1,NaN,2500,2500,NaN,0,NaN,NaN,NaN,NaN,NaN,NaN,NaN,NaN,NaN,NaN,NaN,NaN,NaN,NaN,NaN,NaN,,,,,,,,
224,0,4,0,60-60,2500,2500,NaN,NaN,key chain,lipstick,60,60,key chain1,lipstick11,40,60,2.2,2.1,4.5,2.4,4.4,3.6,Stimuli/Experimental_stims/key chain/jm05s16.jpg,Stimuli/Experimental_stims/lipstick/21SS8DBWDQL._SS500_.jpg,,,,,,,,
225,0,4,0,40-80,2500,2500,NaN,1,small table,trumpet,80,40,small table9,trumpet12,60,20,2,2.3,4.2,2.5,2.5,2.5,Stimuli/Experimental_stims/small table/ATABLE79.jpg,Stimuli/Experimental_stims/trumpet/hornabariton.jpg,,,,,,,,
226,0,4,1,NaN,2500,2500,NaN,1,NaN,NaN,NaN,NaN,NaN,NaN,NaN,NaN,NaN,NaN,NaN,NaN,NaN,NaN,NaN,NaN,,,,,,,,
227,0,4,0,60-80,2500,2500,NaN,1,seashell,key chain,80,60,seashell7,key chain5,80,60,2.2,2.2,4.5,4.5,2.4,4.4,Stimuli/Experimental_stims/seashell/seashell34.jpg,Stimuli/Experimental_stims/key chain/keychain-metal-logo.jpg,,,,,,,,
228,0,4,0,40-40,2500,2500,NaN,NaN,sofa,desk,40,40,sofa6,desk5,20,20,2.2,2.3,3.1,3.5,4.6,2.4,Stimuli/Experimental_stims/sofa/wilkie-sofa-250h-new-cd.jpg,Stimuli/Experimental_stims/desk/ADESK6.jpg,,,,,,,,
229,0,4,0,20-80,2500,2500,NaN,0,poker card,train,20,80,poker card5,train13,0,100,2.2,2.1,1,4.1,2.7,4.5,Stimuli/Experimental_stims/poker card/22864800.thl.jpg,Stimuli/Experimental_stims/train/Tin_Toy_Train_3643.jpg,,,,,,,,
230,0,4,0,40-80,2500,2500,NaN,0,sofa,dresser,40,80,sofa3,dresser12,40,100,2.2,2.3,3.1,2.9,4.6,1.5,Stimuli/Experimental_stims/sofa/ACOUCH14.jpg,Stimuli/Experimental_stims/dresser/ADRESSE58.jpg,,,,,,,,
231,0,4,0,20-80,2500,2500,NaN,0,pen,small table,20,80,pen13,small table1,40,80,2.2,2,2,4.2,3.9,2.5,Stimuli/Experimental_stims/pen/pen07.jpg,Stimuli/Experimental_stims/small table/ATABLE10.jpg,,,,,,,,
232,0,4,0,20-20,2500,2500,NaN,NaN,bowl,poker card,20,20,bowl2,poker card8,0,20,2.2,2.2,2.9,1,4.5,2.7,Stimuli/Experimental_stims/bowl/AMIXBOWL2.jpg,Stimuli/Experimental_stims/poker card/22864392.thl.jpg,,,,,,,,
233,0,4,0,20-20,2500,2500,NaN,NaN,pen,stool,20,20,pen9,stool8,0,20,2.2,2.2,2,3.8,3.9,4.2,Stimuli/Experimental_stims/pen/Aredpen3.jpg,Stimuli/Experimental_stims/stool/ASTOOL33.jpg,,,,,,,,
234,0,4,0,40-60,2500,2500,NaN,0,trumpet,watch,40,60,trumpet7,watch1,40,80,2.3,2.2,2.5,2.1,2.5,2.5,Stimuli/Experimental_stims/trumpet/JTP-606MRS.jpg,Stimuli/Experimental_stims/watch/B000B5K8XI.01-A2E7J74KJYV9ZH._AA280_SCLZZZZZZZ_V53007008_.jpg,,,,,,,,
235,0,4,1,NaN,2500,2500,NaN,0,NaN,NaN,NaN,NaN,NaN,NaN,NaN,NaN,NaN,NaN,NaN,NaN,NaN,NaN,NaN,NaN,,,,,,,,
236,0,4,0,60-60,2500,2500,NaN,NaN,flashlight,motorcycle,60,60,flashlight9,motorcycle11,40,60,2,2.1,2.7,2.9,3.4,3.6,Stimuli/Experimental_stims/flashlight/new06.jpg,Stimuli/Experimental_stims/motorcycle/sportmotorcycle.jpg,,,,,,,,
237,0,4,0,80-80,2500,2500,NaN,NaN,baby carriage,makeup compact,80,80,baby carriage12,makeup compact1,60,60,2.2,2.3,3.9,2.5,4.3,3.3,Stimuli/Experimental_stims/baby carriage/Baby_Carriage-1.jpg,Stimuli/Experimental_stims/makeup compact/P190250_hero.jpg,,,,,,,,
238,0,4,0,60-60,2500,2500,NaN,NaN,motorcycle,bongo,60,60,motorcycle4,bongo10,80,80,2.1,2.1,2.9,2.9,3.6,3.2,Stimuli/Experimental_stims/motorcycle/motorcycle46.jpg,Stimuli/Experimental_stims/bongo/22945915.thl.jpg,,,,,,,,
239,0,4,0,40-60,2500,2500,NaN,,patio lounge chair,bongo,40,60,patio lounge chair4,bongo13,60,60,2.2,2.1,2.9,2.9,4.3,3.2,Stimuli/Experimental_stims/patio lounge chair/0-teak_tf53er.jpg,Stimuli/Experimental_stims/bongo/26388718.thl.jpg,,,,,,,,
240,0,5,0,60-80,2500,2500,NaN,0,bongo,nail polish,60,80,bongo3,nail polish5,80,100,2.1,2,2.9,2.1,3.2,4.9,Stimuli/Experimental_stims/bongo/26390697.thl.jpg,Stimuli/Experimental_stims/nail polish/182_t.jpg,,,,,,,,
241,0,5,0,60-80,2500,2500,NaN,1,makeup compact,bongo,80,60,makeup compact6,bongo9,80,40,2.3,2.1,2.5,2.9,3.3,3.2,Stimuli/Experimental_stims/makeup compact/P0754_hero.jpg,Stimuli/Experimental_stims/bongo/22946035.thl.jpg,,,,,,,,
242,0,5,0,80-80,2500,2500,NaN,NaN,nail polish,dresser,80,80,nail polish10,dresser10,60,60,2,2.3,2.1,2.9,4.9,1.5,Stimuli/Experimental_stims/nail polish/NLM23_opi_nail_polish.jpg,Stimuli/Experimental_stims/dresser/ADRESSE14.jpg,,,,,,,,
243,0,5,0,40-40,2500,2500,NaN,NaN,desk,power strip,40,40,desk3,power strip1,60,20,2.3,2.2,3.5,4,2.4,2.5,Stimuli/Experimental_stims/desk/D-1 Four drawers desk Elm 64x23x33.jpg,Stimuli/Experimental_stims/power strip/6a30daf6-943c-4ced-bfa0-c42f35b22380_400.jpg,,,,,,,,
244,0,5,1,NaN,2500,2500,NaN,0,NaN,NaN,NaN,NaN,NaN,NaN,NaN,NaN,NaN,NaN,NaN,NaN,NaN,NaN,NaN,NaN,,,,,,,,
245,0,5,0,40-40,2500,2500,NaN,NaN,patio lounge chair,telescope,40,40,patio lounge chair15,telescope14,20,60,2.2,2.1,2.9,3.3,4.3,2,Stimuli/Experimental_stims/patio lounge chair/phpThumb.jpg,Stimuli/Experimental_stims/telescope/T09748dt.jpg,,,,,,,,
246,0,5,1,NaN,2500,2500,NaN,0,NaN,NaN,NaN,NaN,NaN,NaN,NaN,NaN,NaN,NaN,NaN,NaN,NaN,NaN,NaN,NaN,,,,,,,,
247,0,5,0,40-80,2500,2500,NaN,1,dresser,tent,80,40,dresser3,tent7,80,40,2.3,2.2,2.9,2.8,1.5,4.5,Stimuli/Experimental_stims/dresser/ADRESSE79.jpg,Stimuli/Experimental_stims/tent/9238gh948h.jpg,,,,,,,,
248,0,5,0,20-20,2500,2500,NaN,NaN,yarn,pen,20,20,yarn10,pen2,0,40,2.1,2.2,2.8,2,4.9,3.9,Stimuli/Experimental_stims/yarn/revelation-yarn.jpg,Stimuli/Experimental_stims/pen/Montblanc-Blu-Starwalker-BP copy.jpg,,,,,,,,
249,0,5,0,60-80,2500,2500,NaN,0,key chain,small table,60,80,key chain2,small table2,80,60,2.2,2,4.5,4.2,4.4,2.5,Stimuli/Experimental_stims/key chain/superman_returns_pewter_keychain_2.jpg,Stimuli/Experimental_stims/small table/Atable126.jpg,,,,,,,,
250,0,5,0,40-60,2500,2500,NaN,0,microscope,motorcycle,40,60,microscope11,motorcycle8,60,40,2.2,2.1,3.5,2.9,2.5,3.6,Stimuli/Experimental_stims/microscope/konus5604microscope.jpg,Stimuli/Experimental_stims/motorcycle/Motorcycle903425j2.jpg,,,,,,,,
251,0,5,0,20-40,2500,2500,NaN,0,license plate,sofa,20,40,license plate7,sofa2,20,20,2.2,2.2,1,3.1,4.1,4.6,Stimuli/Experimental_stims/license plate/co-825-fjf.jpg,Stimuli/Experimental_stims/sofa/ALOVSEA12.jpg,,,,,,,,
252,0,5,0,20-80,2500,2500,NaN,1,seashell,bowl,80,20,seashell13,bowl10,100,40,2.2,2.2,4.5,2.9,2.4,4.5,Stimuli/Experimental_stims/seashell/coquillage22.jpg,Stimuli/Experimental_stims/bowl/Abowl50.jpg,,,,,,,,
253,0,5,0,20-40,2500,2500,NaN,0,frame,tent,20,40,frame6,tent5,20,60,2.2,2.2,3.4,2.8,2.6,4.5,Stimuli/Experimental_stims/frame/AFRAME123.jpg,Stimuli/Experimental_stims/tent/Dome Tentnb87r67.jpg,,,,,,,,
254,0,5,0,40-60,2500,2500,NaN,0,patio lounge chair,flashlight,40,60,patio lounge chair6,flashlight1,60,80,2.2,2,2.9,2.7,4.3,3.4,Stimuli/Experimental_stims/patio lounge chair/Lounge_Chair_with_Pillow.jpg,Stimuli/Experimental_stims/flashlight/Graphite3D.jpg,,,,,,,,
255,0,5,0,20-20,2500,2500,NaN,NaN,poker card,necklace,20,20,poker card3,necklace7,0,20,2.2,2.2,1,3.6,2.7,3.9,Stimuli/Experimental_stims/poker card/9817131.thl.jpg,Stimuli/Experimental_stims/necklace/Anecklace12.jpg,,,,,,,,
256,0,5,0,20-40,2500,2500,NaN,1,patio lounge chair,license plate,40,20,patio lounge chair5,license plate5,20,40,2.2,2.2,2.9,1,4.3,4.1,Stimuli/Experimental_stims/patio lounge chair/Steel_Assembling_Lounge.jpg,Stimuli/Experimental_stims/license plate/va-eew.jpg,,,,,,,,
257,0,5,0,40-40,2500,2500,NaN,NaN,desk,telescope,40,40,desk6,telescope6,20,20,2.3,2.1,3.5,3.3,2.4,2,Stimuli/Experimental_stims/desk/0051507b.jpg,Stimuli/Experimental_stims/telescope/LO-telescope-89769.jpg,,,,,,,,
258,0,5,0,40-40,2500,2500,NaN,NaN,trumpet,power strip,40,40,trumpet6,power strip7,60,20,2.3,2.2,2.5,4,2.5,2.5,Stimuli/Experimental_stims/trumpet/JUP416S.JPG,Stimuli/Experimental_stims/power strip/412YZ25RFBL._AA262_.jpg,,,,,,,,
259,0,5,1,NaN,2500,2500,NaN,1,NaN,NaN,NaN,NaN,NaN,NaN,NaN,NaN,NaN,NaN,NaN,NaN,NaN,NaN,NaN,NaN,,,,,,,,
260,0,5,0,60-80,2500,2500,NaN,0,lipstick,bike,60,80,lipstick9,bike2,60,80,2.1,2.3,2.4,2.2,3.6,2.3,Stimuli/Experimental_stims/lipstick/P189145_hero.jpg,Stimuli/Experimental_stims/bike/genius-bike.jpg,,,,,,,,
261,0,5,0,20-20,2500,2500,NaN,NaN,pen,necklace,20,20,pen11,necklace11,0,20,2.2,2.2,2,3.6,3.9,3.9,Stimuli/Experimental_stims/pen/pen01.jpg,Stimuli/Experimental_stims/necklace/necklascenew06.jpg,,,,,,,,
262,0,5,0,60-60,2500,2500,NaN,NaN,fan,flashlight,60,60,fan10,flashlight11,80,80,2.3,2,3.1,2.7,2,3.4,Stimuli/Experimental_stims/fan/n_sf_1666.jpg,Stimuli/Experimental_stims/flashlight/new04.jpg,,,,,,,,
263,0,5,0,60-60,2500,2500,NaN,NaN,watch,fan,60,60,watch4,fan2,40,80,2.2,2.3,2.1,3.1,2.5,2,Stimuli/Experimental_stims/watch/B000EI2NBW.01._AA280_SCLZZZZZZZ_.jpg,Stimuli/Experimental_stims/fan/507349_sk_lg.jpg,,,,,,,,
264,0,5,0,40-40,2500,2500,NaN,NaN,patio lounge chair,power strip,40,40,patio lounge chair13,power strip18,60,,2.2,2.2,2.9,4,4.3,2.5,Stimuli/Experimental_stims/patio lounge chair/grosfillex-bahia-resin-chaise-lounges.jpg,Stimuli/Experimental_stims/power strip/extra/319XR0DJ7JL._AA262_.jpg,,,,,,,,
265,0,5,0,20-80,2500,2500,NaN,0,poker card,dresser,20,80,poker card12,dresser4,0,80,2.2,2.3,1,2.9,2.7,1.5,Stimuli/Experimental_stims/poker card/22865676.thl.jpg,Stimuli/Experimental_stims/dresser/ADRESSE40.jpg,,,,,,,,
266,0,5,0,20-80,2500,2500,NaN,1,small table,pen,80,20,small table14,pen15,60,20,2,2.2,4.2,2,2.5,3.9,Stimuli/Experimental_stims/small table/Awoodtable13.jpg,Stimuli/Experimental_stims/pen/pen04.jpg,,,,,,,,
267,0,5,1,NaN,2500,2500,NaN,0,NaN,NaN,NaN,NaN,NaN,NaN,NaN,NaN,NaN,NaN,NaN,NaN,NaN,NaN,NaN,NaN,,,,,,,,
268,0,5,1,NaN,2500,2500,NaN,0,NaN,NaN,NaN,NaN,NaN,NaN,NaN,NaN,NaN,NaN,NaN,NaN,NaN,NaN,NaN,NaN,,,,,,,,
269,0,5,0,80-80,2500,2500,NaN,NaN,hammer,baby carriage,80,80,hammer3,baby carriage9,80,80,2,2.2,2.3,3.9,2.5,4.3,Stimuli/Experimental_stims/hammer/hammernew03.jpg,Stimuli/Experimental_stims/baby carriage/Antique baby Carriage 7.jpg,,,,,,,,
270,0,5,0,60-60,2500,2500,NaN,NaN,watch,fan,60,60,watch6,fan11,60,40,2.2,2.3,2.1,3.1,2.5,2,Stimuli/Experimental_stims/watch/B0000X04VC.01-A4LKQQKJ91IUZ._AA280_SCLZZZZZZZ_.jpg,Stimuli/Experimental_stims/fan/n_sf.jpg,,,,,,,,
271,0,5,0,40-60,2500,2500,NaN,0,hand bag,door knob,40,60,hand bag14,door knob10,20,40,2.3,2.1,3.9,4,4.5,2.9,Stimuli/Experimental_stims/hand bag/APURSE59.jpg,Stimuli/Experimental_stims/door knob/c02a578d-c6cc-44ca-8dd2-de8901e30bd7_4.jpg,,,,,,,,
272,0,5,0,60-60,2500,2500,NaN,NaN,flashlight,motorcycle,60,60,flashlight2,motorcycle14,40,60,2,2.1,2.7,2.9,3.4,3.6,Stimuli/Experimental_stims/flashlight/AV-9 No Battery Flashlight.jpg,Stimuli/Experimental_stims/motorcycle/motorcycle11.jpg,,,,,,,,
273,0,5,0,20-60,2500,2500,NaN,1,motorcycle,necklace,60,20,motorcycle15,necklace1,60,40,2.1,2.2,2.9,3.6,3.6,3.9,Stimuli/Experimental_stims/motorcycle/2006-Buell-LightningXB12Sa.jpg,Stimuli/Experimental_stims/necklace/26443173.thl.jpg,,,,,,,,
274,0,5,1,NaN,2500,2500,NaN,0,NaN,NaN,NaN,NaN,NaN,NaN,NaN,NaN,NaN,NaN,NaN,NaN,NaN,NaN,NaN,NaN,,,,,,,,
275,0,5,1,NaN,2500,2500,NaN,1,NaN,NaN,NaN,NaN,NaN,NaN,NaN,NaN,NaN,NaN,NaN,NaN,NaN,NaN,NaN,NaN,,,,,,,,
276,0,5,1,NaN,2500,2500,NaN,0,NaN,NaN,NaN,NaN,NaN,NaN,NaN,NaN,NaN,NaN,NaN,NaN,NaN,NaN,NaN,NaN,,,,,,,,
277,0,5,1,NaN,2500,2500,NaN,1,NaN,NaN,NaN,NaN,NaN,NaN,NaN,NaN,NaN,NaN,NaN,NaN,NaN,NaN,NaN,NaN,,,,,,,,
278,0,5,1,NaN,2500,2500,NaN,1,NaN,NaN,NaN,NaN,NaN,NaN,NaN,NaN,NaN,NaN,NaN,NaN,NaN,NaN,NaN,NaN,,,,,,,,
279,0,5,0,40-80,2500,2500,NaN,0,microscope,seashell,40,80,microscope15,seashell4,40,80,2.2,2.2,3.5,4.5,2.5,2.4,Stimuli/Experimental_stims/microscope/Amicroscope23.jpg,Stimuli/Experimental_stims/seashell/seashell.jpg,,,,,,,,
280,0,5,0,20-20,2500,2500,NaN,NaN,pen,bowl,20,20,pen3,bowl5,0,40,2.2,2.2,2,2.9,3.9,4.5,Stimuli/Experimental_stims/pen/pen08.jpg,Stimuli/Experimental_stims/bowl/AWOODBOWL.jpg,,,,,,,,
281,0,5,0,60-60,2500,2500,NaN,NaN,watch,vase,60,60,watch10,vase10,80,60,2.2,2.3,2.1,4,2.5,4.7,Stimuli/Experimental_stims/watch/HEU0102124_zoom.jpg,Stimuli/Experimental_stims/vase/Avase143.jpg,,,,,,,,
282,0,5,1,NaN,2500,2500,NaN,0,NaN,NaN,NaN,NaN,NaN,NaN,NaN,NaN,NaN,NaN,NaN,NaN,NaN,NaN,NaN,NaN,,,,,,,,
283,0,5,1,NaN,2500,2500,NaN,1,NaN,NaN,NaN,NaN,NaN,NaN,NaN,NaN,NaN,NaN,NaN,NaN,NaN,NaN,NaN,NaN,,,,,,,,
284,0,5,0,80-80,2500,2500,NaN,NaN,seashell,nail polish,80,80,seashell2,nail polish14,100,100,2.2,2,4.5,2.1,2.4,4.9,Stimuli/Experimental_stims/seashell/ph_stri_seashell.jpg,Stimuli/Experimental_stims/nail polish/38031405.JPG,,,,,,,,
285,0,5,0,20-80,2500,2500,NaN,1,seashell,pen,80,20,seashell8,pen12,100,0,2.2,2.2,4.5,2,2.4,3.9,Stimuli/Experimental_stims/seashell/ASEASHEL9.jpg,Stimuli/Experimental_stims/pen/pen02.jpg,,,,,,,,
286,0,5,0,20-40,2500,2500,NaN,1,microscope,pen,40,20,microscope10,pen6,20,40,2.2,2.2,3.5,2,2.5,3.9,Stimuli/Experimental_stims/microscope/DS-2.jpg,Stimuli/Experimental_stims/pen/executive_pen2.jpg,,,,,,,,
287,0,5,1,NaN,2500,2500,NaN,1,NaN,NaN,NaN,NaN,NaN,NaN,NaN,NaN,NaN,NaN,NaN,NaN,NaN,NaN,NaN,NaN,,,,,,,,
288,0,5,0,20-60,2500,2500,NaN,1,door knob,license plate,60,20,door knob11,license plate15,80,40,2.1,2.2,4,1,2.9,4.1,Stimuli/Experimental_stims/door knob/500_MEAMEAOB.jpg,Stimuli/Experimental_stims/license plate/hi-hwr-837.jpg,,,,,,,,
289,0,5,0,40-80,2500,2500,NaN,1,seashell,tent,80,40,seashell10,tent8,60,20,2.2,2.2,4.5,2.8,2.4,4.5,Stimuli/Experimental_stims/seashell/ASEASHE47.jpg,Stimuli/Experimental_stims/tent/quechua_tent-1.jpg,,,,,,,,
290,0,5,0,20-40,2500,2500,NaN,1,hand bag,poker card,40,20,hand bag2,poker card13,60,20,2.3,2.2,3.9,1,4.5,2.7,Stimuli/Experimental_stims/hand bag/Ahandbag74.jpg,Stimuli/Experimental_stims/poker card/9817197.thl.jpg,,,,,,,,
291,0,5,0,80-80,2500,2500,NaN,NaN,makeup compact,seashell,80,80,makeup compact7,seashell14,100,60,2.3,2.2,2.5,4.5,3.3,2.4,Stimuli/Experimental_stims/makeup compact/P187133_hero.jpg,Stimuli/Experimental_stims/seashell/ASEASHE17.jpg,,,,,,,,
292,0,5,0,40-60,2500,2500,NaN,0,patio lounge chair,motorcycle,40,60,patio lounge chair8,motorcycle13,60,80,2.2,2.1,2.9,2.9,4.3,3.6,Stimuli/Experimental_stims/patio lounge chair/43-1.jpg,Stimuli/Experimental_stims/motorcycle/2005-Buell-FireboltXB12R.jpg,,,,,,,,
293,0,5,1,NaN,2500,2500,NaN,1,NaN,NaN,NaN,NaN,NaN,NaN,NaN,NaN,NaN,NaN,NaN,NaN,NaN,NaN,NaN,NaN,,,,,,,,
294,0,5,0,20-60,2500,2500,NaN,1,lipstick,stool,60,20,lipstick6,stool9,40,20,2.1,2.2,2.4,3.8,3.6,4.2,Stimuli/Experimental_stims/lipstick/P182413_hero.jpg,Stimuli/Experimental_stims/stool/ASTOOL7.jpg,,,,,,,,
295,0,5,0,20-60,2500,2500,NaN,0,poker card,bongo,20,60,poker card9,bongo5,0,60,2.2,2.1,1,2.9,2.7,3.2,Stimuli/Experimental_stims/poker card/9817230.thl.jpg,Stimuli/Experimental_stims/bongo/ABONGDRUM.jpg,,,,,,,,
296,0,5,0,80-80,2500,2500,NaN,NaN,dresser,seashell,80,80,dresser2,seashell11,100,60,2.3,2.2,2.9,4.5,1.5,2.4,Stimuli/Experimental_stims/dresser/ADRESSE46.jpg,Stimuli/Experimental_stims/seashell/ASEASH12.jpg,,,,,,,,
297,0,5,0,40-80,2500,2500,NaN,0,desk,seashell,40,80,desk13,seashell9,60,80,2.3,2.2,3.5,4.5,2.4,2.4,Stimuli/Experimental_stims/desk/26427865.thl.jpg,Stimuli/Experimental_stims/seashell/ASEASH5.jpg,,,,,,,,
298,0,5,0,20-20,2500,2500,NaN,NaN,stool,yarn,20,20,stool14,yarn13,0,0,2.2,2.1,3.8,2.8,4.2,4.9,Stimuli/Experimental_stims/stool/hjscott-sbs-b-bar-stool.jpg,Stimuli/Experimental_stims/yarn/cool blue 2 hpy 2 sml.jpg,,,,,,,,
299,0,5,1,NaN,2500,2500,NaN,1,NaN,NaN,NaN,NaN,NaN,NaN,NaN,NaN,NaN,NaN,NaN,NaN,NaN,NaN,NaN,NaN,,,,,,,,
300,0,6,0,40-60,2500,2500,NaN,0,desk,key chain,40,60,desk11,key chain13,40,60,2.3,2.2,3.5,4.5,2.4,4.4,Stimuli/Experimental_stims/desk/Writing_Desk_280_Cutout_Sideview_half.jpg,Stimuli/Experimental_stims/key chain/Fancy_Liquid_Column_Shape_Key_Ring_with_Floater.jpg,,,,,,,,
301,0,6,0,20-80,2500,2500,NaN,0,hat,dresser,20,80,hat13,dresser7,0,60,2.3,2.3,2.4,2.9,4.7,1.5,Stimuli/Experimental_stims/hat/Ahatwithfeath.jpg,Stimuli/Experimental_stims/dresser/ADRESSE43.jpg,,,,,,,,
302,0,6,0,60-60,2500,2500,NaN,NaN,vase,door knob,60,60,vase14,door knob5,80,60,2.3,2.1,4,4,4.7,2.9,Stimuli/Experimental_stims/vase/Avase119.jpg,Stimuli/Experimental_stims/door knob/Parth_Portofino_500.jpg,,,,,,,,
303,0,6,0,40-60,2500,2500,NaN,1,door knob,tent,60,40,door knob12,tent3,40,20,2.1,2.2,4,2.8,2.9,4.5,Stimuli/Experimental_stims/door knob/500_PRACRYOB.jpg,Stimuli/Experimental_stims/tent/73697pp.jpg,,,,,,,,
304,0,6,0,60-60,2500,2500,NaN,NaN,vase,lipstick,60,60,vase1,lipstick7,60,40,2.3,2.1,4,2.4,4.7,3.6,Stimuli/Experimental_stims/vase/Avase114.jpg,Stimuli/Experimental_stims/lipstick/P101401_hero.jpg,,,,,,,,
305,0,6,1,NaN,2500,2500,NaN,1,NaN,NaN,NaN,NaN,NaN,NaN,NaN,NaN,NaN,NaN,NaN,NaN,NaN,NaN,NaN,NaN,,,,,,,,
306,0,6,0,60-80,2500,2500,NaN,1,makeup compact,key chain,80,60,makeup compact10,key chain11,60,80,2.3,2.2,2.5,4.5,3.3,4.4,Stimuli/Experimental_stims/makeup compact/P95108_hero.jpg,Stimuli/Experimental_stims/key chain/31H95JKXWNL._SS500_.jpg,,,,,,,,
307,0,6,1,NaN,2500,2500,NaN,1,NaN,NaN,NaN,NaN,NaN,NaN,NaN,NaN,NaN,NaN,NaN,NaN,NaN,NaN,NaN,NaN,,,,,,,,
308,0,6,1,NaN,2500,2500,NaN,0,NaN,NaN,NaN,NaN,NaN,NaN,NaN,NaN,NaN,NaN,NaN,NaN,NaN,NaN,NaN,NaN,,,,,,,,
309,0,6,0,40-60,2500,2500,NaN,0,desk,lipstick,40,60,desk8,lipstick4,40,40,2.3,2.1,3.5,2.4,2.4,3.6,Stimuli/Experimental_stims/desk/26370118.thl.jpg,Stimuli/Experimental_stims/lipstick/P145703_hero.jpg,,,,,,,,
310,0,6,0,40-80,2500,2500,NaN,0,sofa,hammer,40,80,sofa13,hammer15,20,100,2.2,2,3.1,2.3,4.6,2.5,Stimuli/Experimental_stims/sofa/ACOUCH25.jpg,Stimuli/Experimental_stims/hammer/Vaughan-32-oz-Hickory-Handle-Ball-Pein-Hammer-S432-B0001LRUJM-L-ARCQ0EBO8TR73_.jpg,,,,,,,,
311,0,6,1,NaN,2500,2500,NaN,1,NaN,NaN,NaN,NaN,NaN,NaN,NaN,NaN,NaN,NaN,NaN,NaN,NaN,NaN,NaN,NaN,,,,,,,,
312,0,6,0,20-40,2500,2500,NaN,1,sofa,poker card,40,20,sofa11,poker card4,40,40,2.2,2.2,3.1,1,4.6,2.7,Stimuli/Experimental_stims/sofa/ALOVSEA19.jpg,Stimuli/Experimental_stims/poker card/22864728.thl.jpg,,,,,,,,
313,0,6,0,40-40,2500,2500,NaN,NaN,desk,hand bag,40,40,desk9,hand bag6,40,60,2.3,2.3,3.5,3.9,2.4,4.5,Stimuli/Experimental_stims/desk/desk 189dr96dr chr.jpg,Stimuli/Experimental_stims/hand bag/Ahandbag15.jpg,,,,,,,,
314,0,6,0,40-80,2500,2500,NaN,0,power strip,baby carriage,40,80,power strip13,baby carriage1,40,80,2.2,2.2,4,3.9,2.5,4.3,Stimuli/Experimental_stims/power strip/01dccef1-d4b2-4d2e-a317-f2ed46b70b4b_400.jpg,Stimuli/Experimental_stims/baby carriage/babycarriage16.jpg,,,,,,,,
315,0,6,1,NaN,2500,2500,NaN,1,NaN,NaN,NaN,NaN,NaN,NaN,NaN,NaN,NaN,NaN,NaN,NaN,NaN,NaN,NaN,NaN,,,,,,,,
316,0,6,0,60-80,2500,2500,NaN,0,fan,nail polish,60,80,fan9,nail polish3,60,100,2.3,2,3.1,2.1,2,4.9,Stimuli/Experimental_stims/fan/FT-40A.jpg,Stimuli/Experimental_stims/nail polish/327636.jpg,,,,,,,,
317,0,6,1,NaN,2500,2500,NaN,1,NaN,NaN,NaN,NaN,NaN,NaN,NaN,NaN,NaN,NaN,NaN,NaN,NaN,NaN,NaN,NaN,,,,,,,,
318,0,6,0,40-60,2500,2500,NaN,0,hand bag,motorcycle,40,60,hand bag15,motorcycle7,20,60,2.3,2.1,3.9,2.9,4.5,3.6,Stimuli/Experimental_stims/hand bag/Ahandbag51.jpg,Stimuli/Experimental_stims/motorcycle/MotoSmall.jpg,,,,,,,,
319,0,6,0,60-60,2500,2500,NaN,NaN,motorcycle,fan,60,60,motorcycle9,fan3,60,40,2.1,2.3,2.9,3.1,3.6,2,Stimuli/Experimental_stims/motorcycle/speedbike.jpg,Stimuli/Experimental_stims/fan/CFT401.jpg,,,,,,,,
320,0,6,0,60-80,2500,2500,NaN,1,bike,lipstick,80,60,bike5,lipstick15,100,60,2.3,2.1,2.2,2.4,2.3,3.6,Stimuli/Experimental_stims/bike/folding_bike_dahon.jpg,Stimuli/Experimental_stims/lipstick/P9436_hero.jpg,,,,,,,,
321,0,6,1,NaN,2500,2500,NaN,0,NaN,NaN,NaN,NaN,NaN,NaN,NaN,NaN,NaN,NaN,NaN,NaN,NaN,NaN,NaN,NaN,,,,,,,,
322,0,6,0,20-60,2500,2500,NaN,0,yarn,key chain,20,60,yarn1,key chain9,40,40,2.1,2.2,2.8,4.5,4.9,4.4,Stimuli/Experimental_stims/yarn/corn_yarn.jpg,Stimuli/Experimental_stims/key chain/sfx8832-ferrari-shield-keychain.jpg,,,,,,,,
323,0,6,1,NaN,2500,2500,NaN,1,NaN,NaN,NaN,NaN,NaN,NaN,NaN,NaN,NaN,NaN,NaN,NaN,NaN,NaN,NaN,NaN,,,,,,,,
324,0,6,0,80-80,2500,2500,NaN,NaN,small table,makeup compact,80,80,small table8,makeup compact15,100,60,2,2.3,4.2,2.5,2.5,3.3,Stimuli/Experimental_stims/small table/ATABLE8.jpg,Stimuli/Experimental_stims/makeup compact/05086681402.jpg,,,,,,,,
325,0,6,0,20-20,2500,2500,NaN,NaN,necklace,hat,20,20,necklace12,hat10,40,0,2.2,2.3,3.6,2.4,3.9,4.7,Stimuli/Experimental_stims/necklace/necklascenew07.jpg,Stimuli/Experimental_stims/hat/Atornhat3.jpg,,,,,,,,
326,0,6,1,NaN,2500,2500,NaN,0,NaN,NaN,NaN,NaN,NaN,NaN,NaN,NaN,NaN,NaN,NaN,NaN,NaN,NaN,NaN,NaN,,,,,,,,
327,0,6,0,20-60,2500,2500,NaN,1,lipstick,license plate,60,20,lipstick3,license plate9,60,20,2.1,2.2,2.4,1,3.6,4.1,Stimuli/Experimental_stims/lipstick/31sCvjMS3jL._SS500_.jpg,Stimuli/Experimental_stims/license plate/nm-dhg089.jpg,,,,,,,,
328,0,6,0,20-20,2500,2500,NaN,NaN,bowl,stool,20,20,bowl6,stool10,40,0,2.2,2.2,2.9,3.8,4.5,4.2,Stimuli/Experimental_stims/bowl/Abowl59.jpg,Stimuli/Experimental_stims/stool/ASTOOL26.jpg,,,,,,,,
329,0,6,0,60-80,2500,2500,NaN,0,watch,small table,60,80,watch2,small table15,60,80,2.2,2,2.1,4.2,2.5,2.5,Stimuli/Experimental_stims/watch/AL0004-03E_MED.jpg,Stimuli/Experimental_stims/small table/ATABLE20.jpg,,,,,,,,
330,0,6,0,20-40,2500,2500,NaN,1,trumpet,bowl,40,20,trumpet9,bowl4,20,40,2.3,2.2,2.5,2.9,2.5,4.5,Stimuli/Experimental_stims/trumpet/trumpet3.jpg,Stimuli/Experimental_stims/bowl/Abowl77.jpg,,,,,,,,
331,0,6,0,20-40,2500,2500,NaN,1,hand bag,poker card,40,20,hand bag10,poker card7,20,20,2.3,2.2,3.9,1,4.5,2.7,Stimuli/Experimental_stims/hand bag/AHANDBAG7.jpg,Stimuli/Experimental_stims/poker card/22864416.thl.jpg,,,,,,,,
332,0,6,0,40-40,2500,2500,NaN,NaN,microscope,trumpet,40,40,microscope1,trumpet14,60,20,2.2,2.3,3.5,2.5,2.5,2.5,Stimuli/Experimental_stims/microscope/digital-blue-microscope-qx5-md.jpg,Stimuli/Experimental_stims/trumpet/truba1.jpg,,,,,,,,
333,0,6,0,20-80,2500,2500,NaN,0,poker card,hammer,20,80,poker card1,hammer8,40,100,2.2,2,1,2.3,2.7,2.5,Stimuli/Experimental_stims/poker card/22864704.thl.jpg,Stimuli/Experimental_stims/hammer/ct1006_hammer.jpg,,,,,,,,
334,0,6,0,40-40,2500,2500,NaN,NaN,tent,hand bag,40,40,tent15,hand bag9,20,60,2.2,2.3,2.8,3.9,4.5,4.5,Stimuli/Experimental_stims/tent/tent_.jpg,Stimuli/Experimental_stims/hand bag/APURSE24.jpg,,,,,,,,
335,0,6,1,NaN,2500,2500,NaN,1,NaN,NaN,NaN,NaN,NaN,NaN,NaN,NaN,NaN,NaN,NaN,NaN,NaN,NaN,NaN,NaN,,,,,,,,
336,0,6,1,NaN,2500,2500,NaN,1,NaN,NaN,NaN,NaN,NaN,NaN,NaN,NaN,NaN,NaN,NaN,NaN,NaN,NaN,NaN,NaN,,,,,,,,
337,0,6,0,80-80,2500,2500,NaN,NaN,makeup compact,small table,80,80,makeup compact12,small table10,100,80,2.3,2,2.5,4.2,3.3,2.5,Stimuli/Experimental_stims/makeup compact/P139103_hero.jpg,Stimuli/Experimental_stims/small table/ATABLE41.jpg,,,,,,,,
338,0,6,0,20-40,2500,2500,NaN,1,power strip,bowl,40,20,power strip6,bowl13,40,20,2.2,2.2,4,2.9,2.5,4.5,Stimuli/Experimental_stims/power strip/41AWBNXQRML._AA262_.jpg,Stimuli/Experimental_stims/bowl/Asoupbowl8.jpg,,,,,,,,
339,0,6,1,NaN,2500,2500,NaN,0,NaN,NaN,NaN,NaN,NaN,NaN,NaN,NaN,NaN,NaN,NaN,NaN,NaN,NaN,NaN,NaN,,,,,,,,
340,0,6,0,20-60,2500,2500,NaN,1,watch,stool,60,20,watch8,stool6,60,40,2.2,2.2,2.1,3.8,2.5,4.2,Stimuli/Experimental_stims/watch/2239.jpg,Stimuli/Experimental_stims/stool/ASTOOL30.jpg,,,,,,,,
341,0,6,0,40-80,2500,2500,NaN,1,baby carriage,desk,80,40,baby carriage10,desk14,60,20,2.2,2.3,3.9,3.5,4.3,2.4,Stimuli/Experimental_stims/baby carriage/peg_perego_uno_blu.jpg,Stimuli/Experimental_stims/desk/26419960.thl.jpg,,,,,,,,
342,0,6,0,20-80,2500,2500,NaN,1,dresser,yarn,80,20,dresser6,yarn11,60,40,2.3,2.1,2.9,2.8,1.5,4.9,Stimuli/Experimental_stims/dresser/ADRESSE96.jpg,Stimuli/Experimental_stims/yarn/Aballofpinky2.jpg,,,,,,,,
343,0,6,0,80-80,2500,2500,NaN,NaN,hammer,nail polish,80,80,hammer14,nail polish2,60,60,2,2,2.3,2.1,2.5,4.9,Stimuli/Experimental_stims/hammer/hammer.jpg,Stimuli/Experimental_stims/nail polish/froggy_t.jpg,,,,,,,,
344,0,6,0,80-80,2500,2500,NaN,NaN,nail polish,small table,80,80,nail polish7,small table12,60,100,2,2,2.1,4.2,4.9,2.5,Stimuli/Experimental_stims/nail polish/117BDAkbo5L._AA160_.jpg,Stimuli/Experimental_stims/small table/ATABLE54.jpg,,,,,,,,
345,0,6,0,20-20,2500,2500,NaN,NaN,stool,yarn,20,20,stool7,yarn7,40,40,2.2,2.1,3.8,2.8,4.2,4.9,Stimuli/Experimental_stims/stool/ASTOOL25.jpg,Stimuli/Experimental_stims/yarn/herb garden hy smaller.jpg,,,,,,,,
346,0,6,0,20-60,2500,2500,NaN,0,poker card,vase,20,60,poker card15,vase12,40,60,2.2,2.3,1,4,2.7,4.7,Stimuli/Experimental_stims/poker card/9816946.thl.jpg,Stimuli/Experimental_stims/vase/Abluevase2.jpg,,,,,,,,
347,0,6,1,NaN,2500,2500,NaN,0,NaN,NaN,NaN,NaN,NaN,NaN,NaN,NaN,NaN,NaN,NaN,NaN,NaN,NaN,NaN,NaN,,,,,,,,
348,0,6,0,40-60,2500,2500,NaN,0,patio lounge chair,bongo,40,60,patio lounge chair1,bongo12,40,60,2.2,2.1,2.9,2.9,4.3,3.2,Stimuli/Experimental_stims/patio lounge chair/product1-s.jpg,Stimuli/Experimental_stims/bongo/26686609.thl.jpg,,,,,,,,
349,0,6,0,20-20,2500,2500,NaN,NaN,hat,necklace,20,20,hat11,necklace13,40,40,2.3,2.2,2.4,3.6,4.7,3.9,Stimuli/Experimental_stims/hat/AFELTHAT.jpg,Stimuli/Experimental_stims/necklace/Anecklace19.jpg,,,,,,,,
350,0,6,0,20-80,2500,2500,NaN,1,bike,pen,80,20,bike8,pen1,80,20,2.3,2.2,2.2,2,2.3,3.9,Stimuli/Experimental_stims/bike/Mt Bike.jpg,Stimuli/Experimental_stims/pen/pen09.jpg,,,,,,,,
351,0,6,0,40-40,2500,2500,NaN,NaN,sofa,desk,40,40,sofa5,desk1,20,60,2.2,2.3,3.1,3.5,4.6,2.4,Stimuli/Experimental_stims/sofa/ALOVSEA14.jpg,Stimuli/Experimental_stims/desk/ADESK11.jpg,,,,,,,,
352,0,6,1,NaN,2500,2500,NaN,0,NaN,NaN,NaN,NaN,NaN,NaN,NaN,NaN,NaN,NaN,NaN,NaN,NaN,NaN,NaN,NaN,,,,,,,,
353,0,6,0,20-60,2500,2500,NaN,1,bongo,license plate,60,20,bongo4,license plate13,40,20,2.1,2.2,2.9,1,3.2,4.1,Stimuli/Experimental_stims/bongo/26390708.thl.jpg,Stimuli/Experimental_stims/license plate/usa-rj-9517.jpg,,,,,,,,
354,0,6,1,NaN,2500,2500,NaN,0,NaN,NaN,NaN,NaN,NaN,NaN,NaN,NaN,NaN,NaN,NaN,NaN,NaN,NaN,NaN,NaN,,,,,,,,
355,0,6,0,20-80,2500,2500,NaN,0,yarn,small table,20,80,yarn9,small table6,20,100,2.1,2,2.8,4.2,4.9,2.5,Stimuli/Experimental_stims/yarn/Aballofyarn26.jpg,Stimuli/Experimental_stims/small table/ATABLE88.jpg,,,,,,,,
356,0,6,0,40-80,2500,2500,NaN,0,tent,dresser,40,80,tent2,dresser5,60,60,2.2,2.3,2.8,2.9,4.5,1.5,Stimuli/Experimental_stims/tent/Atent16.jpg,Stimuli/Experimental_stims/dresser/ADRESSE55.jpg,,,,,,,,
357,0,6,0,60-60,2500,2500,NaN,NaN,fan,key chain,60,60,fan14,key chain7,60,40,2.3,2.2,3.1,4.5,2,4.4,Stimuli/Experimental_stims/fan/124771_sk_lg.jpg,Stimuli/Experimental_stims/key chain/keychain-gentoo-linux.jpg,,,,,,,,
358,0,6,0,60-80,2500,2500,NaN,1,bike,flashlight,80,60,bike12,flashlight15,80,40,2.3,2,2.2,2.7,2.3,3.4,Stimuli/Experimental_stims/bike/schwinn_electric_bikes.jpg,Stimuli/Experimental_stims/flashlight/freeplay-xray-wind-up-led-flashlight.jpg,,,,,,,,
359,0,6,0,40-80,2500,2500,NaN,,tent,train,40,80,tent11,train7,60,60,2.2,2.1,2.8,4.1,4.5,4.5,Stimuli/Experimental_stims/tent/asa_c098_cat_tent_red_black.jpg,Stimuli/Experimental_stims/train/thomas-tank-pedal-car-lg.jpg,,,,,,,,