version,SurveyId,AmazonIdentifier,AssignmentId,DurationInSeconds,StartTime,CompletionTime,ApprovalStatus,AmountPaid,AmountBonused,Estimated CloudResearch Fee,Actual Completion Code,,Gender,GenderConsistency,Feedback
v1,376762,TP_1H8IKCIX161JUZ2,3R08VXYT7D5PF5NKDVAWQQHQX6A7W4,2628,7/28/22 16:47,7/28/22 17:31,Approved,7,2.92,1.01,38905,,Male,100.00%,
v1,376762,TP_1FDDX9XVFCQVW7,3Z2R0DQ0JIOOC44NMJZV8TTIFMJE2F,3474,7/28/22 16:48,7/28/22 17:46,Approved,7,4.41,1.01,60322,,Male,100.00%,
v1,376762,TP_11EOGDRHGZN7KY2,3RJSC4XJ114HKB8GWV2ELBUQ5V005G,5079,7/28/22 16:47,7/28/22 18:12,Approved,7,2.3,1.01,82299,,Male,100.00%,
v1,376762,TP_1YBRWRM3A6FYUY2,33LKR6A5KFUJC24OTAOC2WJEQQ3T1E,4511,7/28/22 17:21,7/28/22 18:36,Approved,7,4.61,1.01,34103,,Male,100.00%,
v1,376762,TP_15G3IE1O97L9O02,36U2A8VAG29HZPP4BQHTFS7SEYAKYM,7368,7/28/22 16:47,7/28/22 18:50,Approved,7,0.13,1.01,60575,,Female,100.00%,
v1,376762,TP_11CRWLEIC3EZVY2,3X73LLYYQ2OWL0KIY35LLKTTIX2HNP,8140,7/28/22 16:47,7/28/22 19:03,Approved,7,2.67,1.01,76981,,Male,100.00%,
v1,376762,TP_160RW5M0VMEJP7,3TY7ZAOG5GUK2UTJ3I6KN0D82MO0KW,3625,7/28/22 18:08,7/28/22 19:08,Approved,7,3.08,1.01,61306,,Male,100.00%,
v1,376762,TP_1PW6BAC12I9JA7,3TE3O85731IDL89S8PJV70S1UB92RG,7399,7/28/22 17:12,7/28/22 19:15,Approved,7,4.1,1.01,96828,,Male,100.00%,
v1,376762,TP_1Z69T70QV9D2C02,3QAVNHZ3ENERND9JGKFER62007CAL5,8991,7/28/22 16:47,7/28/22 19:17,Approved,7,3.33,1.01,22553,,Female,100.00%,
v1,376762,TP_1UXBOFL2F547H02,38SKSKU7R276TVSHS87R84QJDFHLIK,9025,7/28/22 16:48,7/28/22 19:18,Approved,7,2.69,1.01,11946,,,,
v1,376762,TP_1YGU5EXQS2T7JY2,3XIQGXAUMDI445SAN06IS9VX68G7XX,10404,7/28/22 16:47,7/28/22 19:41,Approved,7,2.11,1.01,33390,,Male,100.00%,
v1,376762,TP_1WCLPR1XI6TCL7,339ANSOTR6CV9PAZ78VQT4D4OFDKIH,11376,7/28/22 16:51,7/28/22 20:00,Approved,7,5,1.01,97150,,Male,100.00%,
v1,376762,TP_114AKL3Q74OD1Y2,3TPWUS5F8ABVRMIG4CI76C94YH1CW2,13332,7/28/22 16:47,7/28/22 20:29,Approved,7,2.3,1.01,10130,,Female,100.00%,
v1,376762,TP_1FM4VQV4UNUMB02,3AZHRG4CU5UE6WLCICEL6EW6RZ903Q,13488,7/28/22 16:47,7/28/22 20:32,Approved,7,3.83,1.01,28173,,,,
v1,376762,TP_114BIJ0BF9H047,31Z0PCVWULPXNOJQIQ5L36ARTCS7TE,13504,7/28/22 16:47,7/28/22 20:32,Approved,7,2.82,1.01,10916,,Male,100.00%,
v1,376762,TP_12UDMFI548O8HZ2,33OOO72IVIV3Z5EM97DWJS25UNJCTC,14386,7/28/22 16:47,7/28/22 20:47,Approved,7,2.5,1.01,89854,,Female,100.00%,
v1,376762,TP_1MBCEXTIUU1Q8Y2,324G5B4FB4IW7FMZKOHBJV8MW1V07V,13964,7/28/22 17:12,7/28/22 21:04,Approved,7,4.11,1.01,35674,,Male,100.00%,
v1,376762,TP_1FED2Y0X7CNMLZ2,3PH3VY7DJM78ZFTQWQ2FHAAP714WZ6,9686,7/28/22 19:29,7/28/22 22:10,Approved,7,3.59,1.01,38343,,Male,100.00%,
v1,376762,TP_10SRIN3DSJ1RS02,30LB5CDZNDKFRPS53J9UAF1L6WJ0Z2,6350,7/28/22 21:43,7/28/22 23:28,Approved,7,4.4,1.01,27636,,Male,100.00%,
v1,376762,TP_15M9T73W2DMWXY2,34FNN24DCNJEH64143DND3OAHAM5YX,11872,7/28/22 21:21,7/29/22 00:39,Approved,7,5,1.01,27998,,Female,100.00%,
v2,377584,A176PLYJ2VNRII,3TY7ZAOG5GUK2UTJ3I6KN0D825L0KV,2319,8/1/22 13:39,8/1/22 14:17,Approved,7,4.15,1.01,39074,,Male,100.00%,
v2,377584,A2CWB4KQ8D4MTY,3K772S5NP9LSRU755422VXZK4PRHEU,2425,8/1/22 13:39,8/1/22 14:20,Approved,7,3.85,1.01,96155,,Female,100.00%,
v2,377584,A1UZXOMO6BS6I2,3ZSY5X72NYLRSFYXVNHSEDV4V0VRO5,2423,8/1/22 13:41,8/1/22 14:22,Approved,7,4.66,1.01,17696,,Male,100.00%,
v2,377584,A3GAQNTZ1V1VO,388U7OUMF8B6PY6ET2FHOCZMXXF0RO,2455,8/1/22 13:41,8/1/22 14:22,Approved,7,4.17,1.01,41416,,Male,100.00%,
v2,377584,A2H8PEGI28NKZD,3MYYFCXHJ4HWZWF1WS871BBSC0KG4O,2636,8/1/22 13:38,8/1/22 14:22,Approved,7,3.71,1.01,76174,,Female,100.00%,
v2,377584,A1QC9FOC31F77Z,3OCHAWUVGPUSZKZU6UVRWE0JCC6XKN,2547,8/1/22 13:40,8/1/22 14:23,Approved,7,3.74,1.01,47507,,Female,100.00%,
v2,377584,A36GU3OHGLDS8R,38BQUHLA9XA0VZL5QFLBSE1UPDWOME,2726,8/1/22 13:39,8/1/22 14:24,Approved,7,3.94,1.01,74305,,,,
v2,377584,A20K99JZE0L8HU,3ATPCQ38J9KBNCGIZZ44LE4W965YAE,2833,8/1/22 13:38,8/1/22 14:25,Approved,7,2.39,1.01,60555,,Male,100.00%,
v2,377584,ARKZRVB9WN15M,3P529IW9KZVMJ4QRR01657DRX7FLFN,2855,8/1/22 13:38,8/1/22 14:26,Approved,7,4.38,1.01,92069,,Male,100.00%,
v2,377584,ANVEC4QSKNJLF,3VBEN272ML9F1HHCMT4PZERYQGNSG7,2794,8/1/22 13:40,8/1/22 14:26,Approved,7,4.38,1.01,23629,,Male,100.00%,
v2,377584,A1XTDB7XX5QEEH,3WMINLGALCDYK9FD37MFONCD6IPACK,2804,8/1/22 13:40,8/1/22 14:27,Approved,7,2.07,1.01,96435,,Male,100.00%,
v2,377584,AQMLJYUQCSG22,3HOSI13XH0Y6N8O3ND8SYU21CLXDDO,2955,8/1/22 13:38,8/1/22 14:27,Approved,7,3.67,1.01,65889,,Male,100.00%,
v2,377584,A13BQE1LOD0CUQ,3AQF3RZ559S40JNK4WV4GOVU7CSF6B,2646,8/1/22 13:44,8/1/22 14:28,Approved,7,2.53,1.01,43628,,Female,100.00%,
v2,377584,A3BU32QBDM7DAM,3TXMY6UCAFYQ7PMUS3J1ENRIA0AQC6,2942,8/1/22 13:41,8/1/22 14:30,Approved,7,3.71,1.01,84928,,Male,100.00%,
v2,377584,AJDXSXAWDDAEO,31JLPPHS2V4Z9DDVKXGWWFSOPMF3OD,3113,8/1/22 13:38,8/1/22 14:30,Approved,7,3.28,1.01,17987,,Male,100.00%,
v2,377584,A10LHWALI4BZPC,3F1567XTNXFO9RFRGJ9ACXQA4F7Q9P,3099,8/1/22 13:40,8/1/22 14:32,Approved,7,2.97,1.01,69308,,Male,100.00%,
v2,377584,AEOFJWOEXF94U,30LSNF239V50S969I2PMT8RA7ZH2I7,3122,8/1/22 13:40,8/1/22 14:32,Approved,7,2.95,1.01,70502,,Male,100.00%,
v2,377584,A3R97T5D3RR9JX,338JKRMM279P1HQTPZ0GZE9TJATHAZ,2992,8/1/22 13:42,8/1/22 14:32,Approved,7,3.19,1.01,64641,,Male,100.00%,
v2,377584,A4KNY0W5KXXZZ,39LOEL67OTFWOLQFDGR0ZT2OAHB83F,3220,8/1/22 13:39,8/1/22 14:32,Approved,7,3.04,1.01,75910,,Male,100.00%,
v2,377584,A3PYB8Z6FFWSOV,3DY46V3X3QSGFIUHT18Q26QHMN2551,3137,8/1/22 13:40,8/1/22 14:32,Approved,7,3.85,1.01,39050,,Female,100.00%,
v2,377584,A1XWZCJQ2WIX30,3YMTUJH0DTQ04117GS7E0UQH2UST4A,3133,8/1/22 13:41,8/1/22 14:33,Approved,7,2.49,1.01,50898,,Male,100.00%,
v2,377584,A2PQDK3MLDFXYM,326O153BMJ8BFE23J8JC4CKMCXYDEH,3312,8/1/22 13:38,8/1/22 14:33,Approved,7,4.39,1.01,46750,,Female,100.00%,
v2,377584,A3N7V7L9V7X1UY,3JC6VJ2SACTDLO6YOXZ7AH63E13A5C,3191,8/1/22 13:40,8/1/22 14:33,Approved,7,4.33,1.01,71197,,Female,100.00%,
v2,377584,A33SHC202AZD92,3L6L49WXW17YJZQHFWPGXEK3MR754W,3269,8/1/22 13:40,8/1/22 14:34,Approved,7,3.7,1.01,55605,,Male,100.00%,
v2,377584,A345VDWYMDWTGD,3WETL7AQWUID137DFIKXN9SX8RB359,3030,8/1/22 13:44,8/1/22 14:35,Approved,7,2.45,1.01,74735,,Female,100.00%,
v2,377584,ATKNH6OR2G11O,3QECW5O0KIBI0K57UXQO5MWV2QN5TR,3409,8/1/22 13:38,8/1/22 14:35,Approved,7,4.39,1.01,59995,,Female,100.00%,
v2,377584,A2YLTA4QNKYSRY,3C2NJ6JBKBRS6AH0FI2EYGNRTYB2NN,3388,8/1/22 13:40,8/1/22 14:37,Approved,7,3.91,1.01,86488,,Male,100.00%,
v2,377584,A2L2E6J3D23CN4,3LKC68YZ3BDW0BFJUHRY1C3LNFAWOD,3417,8/1/22 13:40,8/1/22 14:37,Approved,7,3.64,1.01,99305,,Male,100.00%,
v2,377584,A3O3DC6ND7Y9OS,339ANSOTR6CV9PAZ78VQT4D4OZ3IK9,3363,8/1/22 13:42,8/1/22 14:38,Approved,7,2.4,1.01,38558,,Female,100.00%,
v2,377584,A11YS0T8MV3Q7C,3DQQ64TANHVELBRK9H4DQC8BXK6WPU,3491,8/1/22 13:40,8/1/22 14:38,Approved,7,2.31,1.01,76655,,,,
v2,377584,A3N6Z886JPK4BG,3SKEMFQBZ4F2KJYMYMJZGFJQL3XK82,3689,8/1/22 13:39,8/1/22 14:40,Approved,7,2.45,1.01,38456,,Male,100.00%,
v2,377584,A2N3DVEZ1RY3O,37W3JXSD67I8UPJL040W331N1PBWYQ,3469,8/1/22 13:44,8/1/22 14:42,Approved,7,3.99,1.01,67616,,Male,100.00%,
v2,377584,A2CK0OXMPOR9LE,34S6N1K2ZWT6X0HXMQP68SP4DMSLHL,3865,8/1/22 13:38,8/1/22 14:43,Approved,7,3.8,1.01,77842,,Male,100.00%,
v2,377584,A1C5J2JLCDGAL9,3PM8NZGV8ZQEANXPJZFOS0CSBIYXQF,3846,8/1/22 13:41,8/1/22 14:45,Approved,7,3.37,1.01,81300,,Male,100.00%,
v2,377584,A2YZJD66Y0UNK3,3018Q3ZVOJ02QB4WL4CADIBZ6JRARP,3821,8/1/22 13:42,8/1/22 14:45,Approved,7,3.36,1.01,41362,,Female,100.00%,
v2,377584,A271830PNYAI2G,33F859I567NUKRVLVD0CUPTZ1SHBHR,3449,8/1/22 13:51,8/1/22 14:48,Approved,7,2.98,1.01,70038,,Male,100.00%,
v2,377584,AIXZNUNYZHM4I,37U1UTWH9WWO7NBHO6SWHR54GVU8RM,3716,8/1/22 13:49,8/1/22 14:51,Approved,7,2.26,1.01,64465,,Male,100.00%,
v2,377584,A2LKGF193ZR5JP,32N49TQG3HSUJILDUOHKEF02RP4AVI,4427,8/1/22 13:38,8/1/22 14:52,Approved,7,2.61,1.01,54928,,Male,100.00%,
v2,377584,A27VK38SRSSHV3,3JRJSWSMQIVDXM06QJD0R3YALK9E3K,4766,8/1/22 13:38,8/1/22 14:57,Approved,7,2.35,1.01,55562,,Female,100.00%,
v2,377584,AJQ71YIGY01HZ,39ASUFLU6YHPDK7KA8KOYJNESFDEXN,4215,8/1/22 13:49,8/1/22 14:59,Approved,7,3.84,1.01,88403,,Female,100.00%,
v2,377584,A2WHGNG43LF3L8,3WMINLGALCDYK9FD37MFONCD6ISCAP,4382,8/1/22 13:55,8/1/22 15:08,Approved,7,2.51,1.01,25367,,Male,100.00%,
v2,377584,A3FSDH6HUZPNQ8,3VP0C6EFSH6A6TF1QJZHBEF34D26M7,5055,8/1/22 13:46,8/1/22 15:10,Approved,7,3.81,1.01,90622,,Male,100.00%,
v2,377584,A3QYA7EFCS7BA2,3S0TNUHWKUSU6DSC65XCC2O01UI8DV,2462,8/1/22 15:00,8/1/22 15:41,Approved,7,4.09,1.01,92530,,,,
v2,377584,A2WNTI69VVVWMZ,3EICBYG64569L2IHXDZSHMFWW5IJC8,3920,8/1/22 14:39,8/1/22 15:45,Approved,7,4.12,1.01,72036,,Male,100.00%,
v2,377584,A2NAKIXS3DVGAA,3E13VNJ1NO5T3OODZYP8OPH5FT71IT,2618,8/1/22 15:03,8/1/22 15:46,Approved,7,4.02,1.01,59125,,Male,100.00%,
v2,377584,A1P9ZZAW0TMNTR,3M68NM076IH139STVRVYXD9DA0J6RD,2959,8/1/22 15:01,8/1/22 15:51,Approved,7,2.39,1.01,54541,,Male,100.00%,
v2,377584,A2UGM73EHLK6XI,3QBD8R3Z22TKR9WZKBLF6KKU3MQO4Y,3916,8/1/22 14:46,8/1/22 15:51,Approved,7,2.93,1.01,54729,,,,
v2,377584,A18V6RXKP4CQP,3HRMW88U170FSITMOUJ02D5CRAY0MI,3086,8/1/22 15:00,8/1/22 15:52,Approved,7,2.73,1.01,65964,,Female,100.00%,
v2,377584,AW8DWI44UAHGA,3G5W44VEU8SHDY44HKVN8S0O9MCKGK,7658,8/1/22 13:44,8/1/22 15:52,Approved,7,2.42,1.01,34566,,Male,100.00%,
v2,377584,A11FRLH5KWRLBV,3W92K5RLWVRXDC9WZSQ364KGZB45V8,6733,8/1/22 14:02,8/1/22 15:55,Approved,7,3.03,1.01,23662,,,,
v2,377584,A2SWQM5X54P1O5,3M81GAB8A1T7XKUOE3N633L0SFABQK,8243,8/1/22 13:38,8/1/22 15:55,Approved,7,2.64,1.01,62175,,Female,100.00%,
v2,377584,A2RWLFIP23FZA7,3S06PH7KSSECVD8R7KOXXS1SNOVD1Z,8302,8/1/22 13:40,8/1/22 15:59,Approved,7,3.91,1.01,50120,,Male,100.00%,
v2,377584,ACON9O9NMFOHE,3IJXV6UZ1YTHWTNUXS4NUGZIJR0RIE,7667,8/1/22 13:55,8/1/22 16:03,Approved,7,3.03,1.01,21116,,,,
v2,377584,A3EWR58W0SA885,3CFVK00FWMVQ0BXGQ7Y2B10E48C6L5,8792,8/1/22 13:39,8/1/22 16:05,Approved,7,2.85,1.01,92541,,Male,100.00%,
v2,377584,A3N0QZ9ZKUCTCQ,3QUO65DNQVYJ87QEZHCXJOIO2ZZOU6,9084,8/1/22 13:39,8/1/22 16:10,Approved,7,2.31,1.01,64041,,Male,100.00%,
v2,377584,A3QUAM5Y482D4U,34S9DKFK74ZI7VA783997KOW8D5NYO,4122,8/1/22 15:03,8/1/22 16:12,Approved,7,3.7,1.01,53970,,,,
v2,377584,A20W85POM3LUUS,3907X2AHF1FS9VTDVXF625SMTDT2P0,5053,8/1/22 15:00,8/1/22 16:24,Approved,7,3.72,1.01,70075,,Female,100.00%,
v2,377584,A27BAWH7PPHLHG,3EG49X351VML05E54Q1QMVV1BHM6XR,10131,8/1/22 13:39,8/1/22 16:28,Approved,7,5,1.01,16134,,Male,100.00%,
v2,377584,A1C5SQZ045W0L5,336YQZE83WOENPFNL0PCJ8138IRM57,4132,8/1/22 15:21,8/1/22 16:30,Approved,7,4.51,1.01,39014,,Male,100.00%,
v2,377584,A3CZNWMYPM3P6E,3OVR4I9USQTNCL9FZODJVPFUINTQ4T,10205,8/1/22 13:40,8/1/22 16:30,Approved,7,4.05,1.01,96688,,Male,100.00%,
v2,377584,A2EP2TI8HE8EGK,3NOKK93PR2IG7KG3F3UWAU27C92EEE,5716,8/1/22 14:57,8/1/22 16:32,Approved,7,2.79,1.01,21078,,,,
v2,377584,A1K4FKVCBTX1RN,3T111IHZ5F0OLSURTYYAHN0F019R9R,10649,8/1/22 13:39,8/1/22 16:36,Approved,7,5,1.01,58181,,Male,100.00%,
v2,377584,A2QTL039A5VV3I,3NKQQ8O39ZFS4AZP98YH8U6PYLSDUY,10786,8/1/22 13:38,8/1/22 16:38,Approved,7,2.6,1.01,35959,,Male,100.00%,
v2,377584,A233LLG8YAXWF,3YMU66OBIOIQB83WBZSQV0KWH5UGHY,4359,8/1/22 15:29,8/1/22 16:41,Approved,7,3.52,1.01,92003,,Female,100.00%,
v2,377584,A1NIKHUA79SWGD,3PH3VY7DJM78ZFTQWQ2FHAAP7JUWZW,6253,8/1/22 14:58,8/1/22 16:42,Approved,7,4.44,1.01,85956,,Male,100.00%,
v2,377584,ATT8TOPRCRRHG,3LPW2N6LKUCX0XKWU2GYAIIXL4U5UI,11406,8/1/22 13:38,8/1/22 16:48,Approved,7,2.54,1.01,12498,,Female,100.00%,
v2,377584,ALJQM2QLBJ7UT,3TS1AR6UQRON4J1PN60WM2VQ2NEF7C,10275,8/1/22 13:58,8/1/22 16:50,Approved,7,2.39,1.01,97856,,Female,100.00%,
v2,377584,A2UJSO2D6FORA1,3WOKGM4L72Q3SLEY1AYDUHUHMAV0OF,11769,8/1/22 13:39,8/1/22 16:55,Approved,7,2.34,1.01,75665,,Male,100.00%,
v2,377584,AB8KNX3LINNX4,3DH6GAKTYZZCOKOQBRK327V5IRZZY3,2501,8/1/22 16:20,8/1/22 17:02,Approved,7,3.91,1.01,33660,,Female,100.00%,
v2,377584,A1TARNH07A75CG,3KIBXJ1WD6455BL2538VD19Q081OK9,12322,8/1/22 13:39,8/1/22 17:04,Approved,7,3.96,1.01,40410,,,,
v2,377584,A19CB2C4GY4C60,3IGI0VL648U6DH652G0B5TQUU36ONE,12648,8/1/22 13:39,8/1/22 17:10,Approved,7,4.08,1.01,22136,,Male,100.00%,
v2,377584,A34KBIYMGPH924,31Q0U3WYDQPWE47HG7LBX0RW1DR17T,3206,8/1/22 16:21,8/1/22 17:15,Approved,7,4.34,1.01,28186,,Male,100.00%,
v2,377584,A2Z0D73YYRCGQE,37UQDCYH6Y5C0GNFNL504OYCQHOV72,5208,8/1/22 15:48,8/1/22 17:15,Approved,7,4.33,1.01,50431,,Male,75.00%,
v2,377584,A3INEKAD86IRQC,3P1L2B7AD2ZGPH3KQ3KWS1M5P86OLC,9217,8/1/22 14:48,8/1/22 17:22,Approved,7,4.47,1.01,48950,,Male,100.00%,
v2,377584,AW2IJYOPX2MSE,3E7TUJ2EGDWUKIBMBX3QCYJBL0JD98,13362,8/1/22 13:41,8/1/22 17:24,Approved,7,2.59,1.01,86820,,Female,100.00%,
v2,377584,AD1ILDUXZHASF,3KYQYYSHYWHXR5FSDMM89OE0G03ODX,2579,8/1/22 16:45,8/1/22 17:28,Approved,7,2.53,1.01,81199,,Male,100.00%,
v2,377584,A24ZE5TANQZNJQ,3GGAI1SQEW8ZMAO20ACKXE7D0ZDMCF,3715,8/1/22 16:29,8/1/22 17:31,Approved,7,3.37,1.01,11423,,Male,100.00%,
v2,377584,A2L5QFUJKKYE6G,3RXPCZQMQQLF7XII9AP53D4P0GAG1B,13990,8/1/22 13:38,8/1/22 17:31,Approved,7,2.25,1.01,80191,,Female,100.00%,
v2,377584,A1RATFICCKLCQ,3OVHNO1VE7B9Q9TZFVXPPML403OZDQ,9305,8/1/22 14:58,8/1/22 17:33,Approved,7,4,1.01,,,,,
v2,377584,A36WGC00R5TWWB,3ZSANO2JCGH9NHLHB9Y7HTRMP1OFSW,13951,8/1/22 13:41,8/1/22 17:33,Approved,7,2.23,1.01,80680,,Male,100.00%,
v2,377584,A2ADQ1YRXFBEF0,345LHZDEDY2UMIXSGJS5VLKD783U3H,14073,8/1/22 13:39,8/1/22 17:34,Approved,7,2.53,1.01,34281,,Male,100.00%,
v2,377584,ACYH2RL9NM7FS,3QY7M81QH8WYK5T3OHRT2FNVAKJK79,5876,8/1/22 15:56,8/1/22 17:34,Approved,7,2.51,1.01,47755,,Female,100.00%,
v2,377584,A2HFVL6GHX9R9V,3OLQQLKKNTZOI02VT45N7AFZHHVJE1,14278,8/1/22 13:38,8/1/22 17:36,Approved,7,3.48,1.01,56277,,Male,100.00%,
v2,377584,AXPZAP62ZYWP8,3X73LLYYQ2OWL0KIY35LLKTTIITNHS,2550,8/1/22 17:00,8/1/22 17:43,Approved,7,3.71,1.01,16782,,Male,100.00%,
v2,377584,A3CGQOJC28OVGN,34S6N1K2ZWT6X0HXMQP68SP4DNRLHM,3780,8/1/22 16:43,8/1/22 17:46,Approved,7,3.67,1.01,17075,,Female,100.00%,
v2,377584,A2PBYJGWVOA933,3BEFOD78W73WR6BN7V62EGVP8NYM46,4695,8/1/22 17:06,8/1/22 18:24,Approved,7,3.66,1.01,15232,,,,
v2,377584,A2VIKCIM9TZL22,3LEIZ60CDK9XNJGI3FSN3Q2E9J29ZE,3102,8/1/22 17:39,8/1/22 18:31,Approved,7,4.51,1.01,83264,,,,
v2,377584,A31TXJQH5S8SVQ,39O5D9O87U2Y0OGSUS751FY70993CV,2483,8/1/22 17:53,8/1/22 18:34,Approved,7,4.46,1.01,34348,,Male,100.00%,
v2,377584,A51E6AYK3MUJ6,3M1CVSFP61F2EAPW8PNA8S1UAXPQA4,3720,8/1/22 17:43,8/1/22 18:45,Approved,7,2.16,1.01,77686,,Female,100.00%,
v2,377584,A2G2T6EMXAOKMS,38SKSKU7R276TVSHS87R84QJD0HILN,4844,8/1/22 17:40,8/1/22 19:01,Approved,7,3.66,1.01,66645,,Female,100.00%,
v2,377584,A255IQSSS29EWO,3RYC5T2D7439DFAYANU73D0U569PR4,3191,8/1/22 18:11,8/1/22 19:04,Approved,7,2.36,1.01,30615,,Male,100.00%,
v2,377584,A1Z6RO9XS6SQDD,369J354OFEKAEJJFFG1MY9V68RQG69,6392,8/1/22 17:24,8/1/22 19:10,Approved,7,2.7,1.01,41433,,Female,100.00%,
v2,377584,A29N6SFDF72SDS,3R3YRB5GRGDU63WDPY7FITYJDJAAUA,7747,8/1/22 17:56,8/1/22 20:06,Approved,7,4.32,1.01,94810,,Female,100.00%,
v2,377584,A1WUHIC0D9UK93,358UUM7WR0DK796YE10Q3R995DGR7E,4532,8/1/22 18:59,8/1/22 20:15,Approved,7,3.06,1.01,87068,,Female,100.00%,
v2,377584,A3ATU3VULAB7K2,3KKG4CDWKJ8HKMSTIM2X9UP58PL49L,5170,8/1/22 19:00,8/1/22 20:26,Approved,7,3.24,1.01,38972,,,,
v2,377584,AS4NIEQJWCG3M,33PPO7FECWPNVJ4PFR93PRIE4RFDI2,11000,8/1/22 17:41,8/1/22 20:45,Approved,7,2.5,1.01,75093,,Female,100.00%,
v2,377584,A1UNBT94I82S8V,3WMOAN2SRC7131F23SMP0LK2QW3NVF,10050,8/1/22 20:27,8/1/22 23:15,Approved,7,2.8,1.01,11894,,Male,100.00%,
v2,377584,A20X14OMRL0YPZ,3ZY8KE4ISKDM6YSUJKE64FF7VACQVX,4156,8/1/22 23:52,8/2/22 01:01,Approved,7,4.17,1.01,96907,,,,
v2,377584,A7OZPNXIVO1FX,3YW4XOSQKRVYCFJDTFEM7S5G9RMU1S,12652,8/1/22 21:39,8/2/22 01:10,Approved,7,2.37,1.01,57161,,Female,100.00%,
v2,377584,A22DVMN2Y3XHWA,3RXCAC0YISZXIX238VYKINRXET7G80,2645,8/2/22 09:43,8/2/22 10:28,Approved,7,3.11,1.01,18697,,Female,100.00%,
v2,377276,TP_1I544HDT3XOLJ7,3FIJLY1B6VECAP5PJSUDMOMB25NPF8,2564,7/29/22 19:18,7/29/22 20:01,Approved,7,4.49,1.01,49894,,Female,100.00%,
v2,377276,TP_1NHPT1RWZ40O602,3S3AMIZX3VFWIGIPNHDHEOKJR9TDC8,2972,7/29/22 19:19,7/29/22 20:08,Approved,7,4.24,1.01,64550,,Male,100.00%,
v2,377276,TP_1U70HFVTEOB65Z2,3FFJ6VRIL2YTWZ3V3FL8AKYVAP3I0L,2494,7/29/22 19:32,7/29/22 20:14,Approved,7,4.05,1.01,82072,,,,
v2,377276,TP_11VTM076XMXT9Z2,3NXNZ5RS1B7E39ACKK04C69FZDM97T,3223,7/29/22 19:20,7/29/22 20:14,Approved,7,2.49,1.01,12977,,Male,100.00%,
v2,377276,TP_1S8FB0R946H0EY2,37XITHEISXJQJQ1U5I81JD1N6AJRCR,3536,7/29/22 19:18,7/29/22 20:17,Approved,7,4.49,1.01,34902,,Female,100.00%,
v2,377276,TP_1IL9ETW1AF9BH02,3LYA37P8IRXLMHWT1Y397H9RTXPKBK,3764,7/29/22 19:18,7/29/22 20:21,Approved,7,3.91,1.01,61830,,Male,100.00%,
v2,377276,TP_174GULIM4PZJR7,3ZSY5X72NYLRSFYXVNHSEDV4VO2ORL,4543,7/29/22 19:18,7/29/22 20:34,Approved,7,3.52,1.01,73731,,Female,100.00%,
v2,377276,TP_1L43IQVV0M63V7,304SM51WA4EJA09167CBY301AR2BSS,5069,7/29/22 19:18,7/29/22 20:43,Approved,7,3.56,1.01,89227,,Female,100.00%,
v2,377276,TP_1GHWTITEVETF4Y2,3WZ36BJEV4QKP0MGV7H188WNCAGBTH,2558,7/29/22 20:01,7/29/22 20:44,Approved,7,3.61,1.01,85918,,Female,100.00%,
v2,377276,TP_17Y3A1LNT7HT9Z2,308XBLVESJE79L9ORIC68TV5OPJRBK,5200,7/29/22 19:18,7/29/22 20:45,Approved,7,4.04,1.01,20811,,,,
v2,377276,TP_13IID9JZFYXLLY2,38F71OA9GU66PM8CRC2L5KSGX0CMF9,2418,7/29/22 20:07,7/29/22 20:47,Approved,7,4.51,1.01,89037,,,,
v2,377276,TP_1GMYFRJQ4WB3SY2,3WYP994K181A0A4F9MNS592ADBNY68,5434,7/29/22 19:19,7/29/22 20:50,Approved,7,3.36,1.01,93764,,Female,100.00%,
v2,377276,TP_1MKFBW1YWNM00Z2,3U84XHCDIDNWQDA6MKWWMIRYNEM4ZL,8304,7/29/22 19:18,7/29/22 21:37,Approved,7,3.38,1.01,40481,,Male,100.00%,
v2,377276,TP_1QUC9PZFKLLNC0SS63UD73,3VJ40NV2QJX48UBPZCMNESWMJ9ZOTY,12364,7/29/22 19:18,7/29/22 22:44,Approved,7,2.27,1.01,80373,,Male,100.00%,
v2,377276,TP_10Z98CVD3NS2K02,351SEKWQS1R9R2UG067VHKPVLNWMDY,14177,7/29/22 19:18,7/29/22 23:15,Approved,7,5,1.01,39991,,Male,100.00%,
v2,377276,TP_1PNGSQWHXNMVWY2,3KB8R4ZV1FHGKV0AB7IU9PHYMG9BG9,10642,7/29/22 20:31,7/29/22 23:29,Approved,7,3.85,1.01,75101,,,,
v2,377276,TP_1T5L3KNESDFNIY2,39GHHAVOMG16QY524YTAYO384H74J0,3804,7/29/22 22:36,7/29/22 23:40,Approved,7,2.08,1.01,30555,,Male,100.00%,
v2,377276,TP_1Z1TEQ09S8NJAZ2,3QRYMNZ7FZRMQ9BDYXMAZ3WHT0XNTN,4741,7/29/22 23:19,7/30/22 00:38,Approved,7,4.38,1.01,83352,,Male,100.00%,
v2,377276,TP_1YIUVICWDNOFP7,32N49TQG3HSUJILDUOHKEF02REEVAR,2674,7/30/22 03:21,7/30/22 04:05,Approved,7,3.03,1.01,22877,,Female,100.00%,
v2,377276,TP_1EMB9WBDYRINUZ2,3RSDURM96BWEDPXUF46QHXUNU9BEY9,7046,7/30/22 03:19,7/30/22 05:16,Approved,7,2.8,1.01,61411,,Male,100.00%,
v3,378240,A3EC3OP6U52JYC,34S9DKFK74ZI7VA783997KOW92SYN1,2538,8/4/22 17:08,8/4/22 17:50,Approved,7,4.12,1.01,33866,,Male,100.00%,
v3,378240,A27EV0216FCLJW,3OVHNO1VE7B9Q9TZFVXPPML41SVDZQ,2682,8/4/22 17:08,8/4/22 17:52,Approved,7,2.61,1.01,25689,,Male,100.00%,
v3,378240,A2DVV59R1CQU6T,3ZSANO2JCGH9NHLHB9Y7HTRMQQBSFB,2666,8/4/22 17:11,8/4/22 17:56,Approved,7,2.4,1.01,83730,,Male,100.00%,
v3,378240,A39ASRFAG250FH,34Z02EIMITNJ5DJ6XRKCOR04M7ZT0W,3015,8/4/22 17:13,8/4/22 18:03,Approved,7,2.44,1.01,93492,,Female,100.00%,
v3,378240,A209V2VHLLQ59W,3EWIJTFFVPHHGU197WVHP503JXDE0S,3198,8/4/22 17:10,8/4/22 18:03,Approved,7,3.56,1.01,65334,,,,
v3,378240,A34EHWOYRBL6OZ,3OWEPKL08AMZSBE6LUJ9U74Z53KN7Q,3549,8/4/22 17:08,8/4/22 18:07,Approved,7,3.21,1.01,47393,,Female,100.00%,
v3,378240,AMTTB8JUWRRM7,3CFVK00FWMVQ0BXGQ7Y2B10E5Y4L6T,3850,8/4/22 17:26,8/4/22 18:30,Approved,7,2.78,1.01,99802,,Female,100.00%,
v3,378240,A4HPPP6EKBBFM,35K3O9HUACN8DYGZAEE2SCN7P0EFEB,2795,8/4/22 17:48,8/4/22 18:35,Approved,7,2.53,1.01,47885,,Male,100.00%,
v3,378240,A11H31X2XJH13N,3UNH76FOCTFCPDP7W2U9U5ZW4CIYM1,5387,8/4/22 17:07,8/4/22 18:37,Approved,7,4.24,1.01,39725,,Male,100.00%,
v3,378240,A3AY0315YWWNXY,37XITHEISXJQJQ1U5I81JD1N7C8CR6,4575,8/4/22 17:38,8/4/22 18:54,Approved,7,4.02,1.01,60296,,Male,100.00%,
v3,378240,AM65LGXJBTJ0I,33NF62TLXKCR40U5PQGQ55S423FKJP,7116,8/4/22 17:12,8/4/22 19:11,Approved,7,4.1,1.01,60710,,Male,100.00%,
v3,378240,A196XR61DIW5GU,3PB5A5BD0WGTIJXKYQ6E4NV24RYG7B,9491,8/4/22 17:07,8/4/22 19:46,Approved,7,2.34,1.01,74652,,Male,100.00%,
v3,378240,A235DXY5FJN0IW,3UWN2HHPUZFLB9YY9XHKPY0VSHXSNI,10048,8/4/22 17:16,8/4/22 20:03,Approved,7,2.8,1.01,89254,,Female,100.00%,
v3,378240,A1PBWSMSRU9YAO,3OHYZ19UGDFZTYCGTCV6JN6UWMGAO6,6384,8/4/22 18:18,8/4/22 20:04,Approved,7,2.45,1.01,55144,,Female,100.00%,
v3,378240,A1NQOR4RQJJDMW,3TE22NPXPCMGNGMH1R66SMEPNKZ44S,2905,8/4/22 19:26,8/4/22 20:14,Approved,7,4.32,1.01,25840,,Female,100.00%,
v3,378240,A2S8V4HL7VI0S0,39OWYR0EPL16J3XQAFQWZFFN7DKFYT,2630,8/4/22 20:10,8/4/22 20:54,Approved,7,3.72,1.01,55871,,Male,100.00%,
v3,378240,AMIQGW2E3WYO4,3A1COHJ8NK5BITXES1G23N3YUDU8H6,3146,8/4/22 20:12,8/4/22 21:04,Approved,7,2.61,1.01,29380,,Male,100.00%,
v3,378240,A3CMO4D4U0C7JI,3B4YI393VA6IRMQ3HTY6OSA1FG4SST,3977,8/4/22 20:26,8/4/22 21:32,Approved,7,2.47,1.01,96697,,Male,100.00%,
v3,378240,A2S9SAGO12WZ6P,3570Y55XZQTCX3TLLZWEH0FZ8S5YGW,2726,8/4/22 21:53,8/4/22 22:38,Approved,7,2.56,1.01,43986,,Female,100.00%,
v3,378240,A3TMDO1DAG605W,3PS7W85Z80C1177JXN35H21XPDGT9Z,8897,8/4/22 20:41,8/4/22 23:09,Approved,7,3.52,1.01,67019,,Male,100.00%,
v3,378076,ACI0C2WU1NABK,384PI804XTBIQD6R8RFMEM4IKI90SQ,2471,8/3/22 20:57,8/3/22 21:38,Approved,7,3.46,1.01,77831,,,,
v3,378076,A11WCFPJSR5VZP,3U088ZLJVL3BXUN0SWPNBB73QV50W5,2548,8/3/22 20:58,8/3/22 21:41,Approved,7,3.84,1.01,50916,,Female,100.00%,
v3,378076,AWOCNBZET5U33,3TOK3KHVJUSHAWEIM9JM9W44V7BO7G,2909,8/3/22 20:53,8/3/22 21:42,Approved,7,4.07,1.01,83263,,Male,100.00%,
v3,378076,A356FIP4QA4RPK,3E13VNJ1NO5T3OODZYP8OPH5GCDI1J,3013,8/3/22 20:54,8/3/22 21:45,Approved,7,4.31,1.01,91505,,Female,100.00%,
v3,378076,A3IMM3YOEK9D3H,3T111IHZ5F0OLSURTYYAHN0F1KJR94,3217,8/3/22 20:53,8/3/22 21:47,Approved,7,3.62,1.01,62907,,Female,100.00%,
v3,378076,A2MS1GQLGAX9FZ,3SNVL38CI524WMOZFYZ4I1F9CDTCKE,4009,8/3/22 20:54,8/3/22 22:01,Approved,7,5,1.01,20459,,,,
v3,378076,A3FT3XPTOWHJMY,3MTMREQS4WS7Y7LIKYMG0HJGZHGWAR,5339,8/3/22 20:53,8/3/22 22:22,Approved,7,5,1.01,74050,,Female,100.00%,
v3,378076,AMJAZPJBO936R,3WI0P0II6220OI785E3C3JJ5S53RDQ,4147,8/3/22 21:14,8/3/22 22:23,Approved,7,5,1.01,95830,,Female,100.00%,
v3,378076,A1NKBIJQGT0712,3DY46V3X3QSGFIUHT18Q26QHN6C55E,7962,8/3/22 20:54,8/3/22 23:07,Approved,7,5,1.01,56085,,Male,100.00%,
v3,378076,A12VDN3TJJCAQQ,3WRFBPLXRBYHRSDJJIGJHQSJ0VL3NC,8303,8/3/22 20:54,8/3/22 23:13,Approved,7,5,1.01,79795,,Male,100.00%,
v3,378076,AWTGJ45ZWUCHH,3YGXWBAF71RJIKZWU6COBKQDFRH4CU,5141,8/3/22 22:08,8/3/22 23:34,Approved,7,5,1.01,19483,,Female,100.00%,
v3,378076,A2FHJCRBRP7VH4,3LRLIPTPERJG37R1VK3DC6PLCA8AKA,10680,8/3/22 20:54,8/3/22 23:52,Approved,7,5,1.01,15137,,Female,100.00%,
v3,378076,A1JVO7FLPATHUB,3D4CH1LGEB3XW2LDDN4YIJM8ZC9G90,2440,8/3/22 23:54,8/4/22 00:35,Approved,7,5,1.01,40091,,Male,100.00%,
v3,378076,A2MUOD1JHWJ735,3UNH76FOCTFCPDP7W2U9U5ZW475YME,5412,8/3/22 23:54,8/4/22 01:24,Approved,7,5,1.01,96957,,Female,100.00%,
v3,378076,A2TLN8489YGY81,3BXQMRHWK08V8452M1XKRKTJ8J4UMM,4409,8/4/22 00:45,8/4/22 01:58,Approved,7,5,1.01,33610,,Male,100.00%,
v3,378076,A2VZBQLSFZC519,3AAPLD8UCDRUGDP2VZRXUJZL8JZTHM,5565,8/4/22 00:50,8/4/22 02:23,Approved,7,5,1.01,39974,,Female,100.00%,
v3,378076,A37XBH865833FE,31T4R4OBOTQG17HFW4AVEWAN6VA7CO,3718,8/4/22 01:21,8/4/22 02:23,Approved,7,5,1.01,17533,,Male,100.00%,
v3,378076,A2GVTP4DBFQTR8,3XCC1ODXDMLUDRBDA09W3IQ4BKNRQQ,7119,8/4/22 01:17,8/4/22 03:16,Approved,7,5,1.01,53873,,,,
v3,378076,A2866TYG0D96LM,3LS2AMNW5G0RGEJXI8SS9NLZ0Z4QOL,8425,8/4/22 03:09,8/4/22 05:30,Approved,7,5,1.01,69238,,,,
v3,378076,A1T6QVMIXF74FF,35L9RVQFCPS9GQ4RV4H7ZFLNRYWUH6,10188,8/4/22 06:12,8/4/22 09:02,Approved,7,3.7,1.01,85570,,Female,100.00%,
v3,378272,A2DK91OGZLWQ62,3TMFV4NEP9OTFJS3N0224QDL96G8WP,2488,8/5/22 12:20,8/5/22 13:02,Approved,7,2.92,,28333,,,,
v3,378272,A3E0KCSL8EAHZ3,3QY5DC2MXSUP2UDL0ET7WU9ABUIFUE,2406,8/5/22 12:26,8/5/22 13:06,Approved,7,4.28,,35714,,Female,100.00%,
v3,378272,A2L8BI5CRPR5WP,3B1NLC6UG06IOP1KUC0V49MN4SPPGQ,2791,8/5/22 12:20,8/5/22 13:06,Approved,7,2.64,,27128,,Male,75.00%,
v3,378272,AS96TX65Z2TB4,3SEPORI8WO9BS2QNVL6NZLDYGWKAZL,2569,8/5/22 12:24,8/5/22 13:07,Approved,7,3.93,,61872,,Female,100.00%,
v3,378272,A22NKZMWCO24TN,39ASUFLU6YHPDK7KA8KOYJNETBKEXN,2814,8/5/22 12:22,8/5/22 13:09,Approved,7,5,,,,Male,100.00%,
v3,378272,A2HQQOS5KTIJG8,3QFUFYSY9ZPQLWJ6L82PJQBGCHUF4R,2863,8/5/22 12:23,8/5/22 13:10,Approved,7,3.52,,12286,,Male,100.00%,
v3,378272,A3V16ZZMTM0OLM,3137ONMDKHFERYCULYKKAXNJQLOEGV,2969,8/5/22 12:21,8/5/22 13:11,Approved,7,2.9,,93985,,Male,100.00%,
v3,378272,A1WI88CH4BTDDR,3CN4LGXD5YYWLN01QYUD8BIWISK4YD,2816,8/5/22 12:24,8/5/22 13:11,Approved,7,3.31,,94522,,Male,100.00%,
v3,378272,A1TJWXTR1YAJPH,3DHE4R9OCXLMWI0ESEPJ8WEUTIY2GH,3017,8/5/22 12:22,8/5/22 13:12,Approved,7,5,,90694,,Female,100.00%,
v3,378272,A2D28BVEFUUTMO,3MRNMEIQW6GPLKCV0U6GH7A6MQ9DL7,2971,8/5/22 12:24,8/5/22 13:14,Approved,7,2.37,,47309,,Male,100.00%,
v3,378272,AGLALSJB6LVQV,3X73LLYYQ2OWL0KIY35LLKTTJD2HNM,3103,8/5/22 12:23,8/5/22 13:15,Approved,7,2.73,,17857,,Female,100.00%,
v3,378272,A3SMOU11PC1TE2,3OSWBBLG1F7KLETKED94S15TTZJDXT,3037,8/5/22 12:24,8/5/22 13:15,Approved,7,4.44,,88731,,,,
v3,378272,A1KUV27T2EOJJH,3S3AMIZX3VFWIGIPNHDHEOKJSHWDCS,2657,8/5/22 12:31,8/5/22 13:16,Approved,7,3.85,,24697,,Female,100.00%,
v3,378272,A2C7VPGUGY5RAE,3OLF68YTNAB5NLZNU9CGWTXG4RQFA2,3144,8/5/22 12:23,8/5/22 13:16,Approved,7,2.87,,49985,,Male,100.00%,
v3,378272,A15R4L3EO5EAI9,36TFCYNS45K1XUYM09SUJMKRLRDXHN,2389,8/5/22 12:39,8/5/22 13:19,Approved,7,3.08,,90626,,Female,100.00%,
v3,378272,AEZAQAXBFXYAT,3R0T90IZ1TMZU0SGP7EPK9NG59DCG2,2631,8/5/22 12:38,8/5/22 13:22,Approved,7,5,,,,Female,100.00%,
v3,378272,AH5HMXXK35KZV,3A7Y0R2P2PYXO0TCO9VFVZ06YJGJXD,3718,8/5/22 12:22,8/5/22 13:24,Approved,7,4.07,,11058,,,,
v3,378272,AU6X92Y30ALJY,326O153BMJ8BFE23J8JC4CKMDTBEDO,2544,8/5/22 12:42,8/5/22 13:24,Approved,7,4.28,,49348,,Female,100.00%,
v3,378272,A2ENGQJ6CBQSUP,3G0WWMR1UWU9YTJLHTSFUYLUA0ZNQP,3238,8/5/22 12:31,8/5/22 13:25,Approved,7,2.46,,27397,,Male,100.00%,
v3,378272,A1RKGN3VY39TM1,31Z0PCVWULPXNOJQIQ5L36ARUSS7TB,3808,8/5/22 12:22,8/5/22 13:25,Approved,7,3.78,,81090,,Female,100.00%,
v3,378272,A3191G66DZEGEB,3IAS3U3I0GQQ51S3CSX57LNXD582B2,2973,8/5/22 12:36,8/5/22 13:26,Approved,7,3.26,,90005,,,,
v3,378272,A3SV9CZHO17RIJ,374TNBHA8C53ASNZOV1QBEJ1EK3QYI,3043,8/5/22 12:36,8/5/22 13:26,Approved,7,3.56,,56422,,Male,100.00%,
v3,378272,A2Q0D3TOREOIQ8,3N2BF7Y2VR4Q3IZIM2QL854TENTHMN,3573,8/5/22 12:27,8/5/22 13:27,Approved,7,2.6,,48709,,Male,100.00%,
v3,378272,A1UFA05TH23J4J,39ASUFLU6YHPDK7KA8KOYJNETBNEXQ,2979,8/5/22 12:42,8/5/22 13:32,Approved,7,3.01,,69931,,,,
v3,378272,A2IIIRZ1UMOND,3LYA37P8IRXLMHWT1Y397H9RU5VBKY,2752,8/5/22 12:47,8/5/22 13:33,Approved,7,3.7,,11146,,Female,100.00%,
v3,378272,A1Y7SUOJIVLR4E,3NPI0JQDAPFMTUNQECZ23S1CUMZPT1,3700,8/5/22 12:32,8/5/22 13:34,Approved,7,5,,65437,,Female,100.00%,
v3,378272,AXTDEGFFQ0ZE7,3JV9LGBJWUO03PPJFCNGF9HXUNXGO4,2949,8/5/22 12:46,8/5/22 13:35,Approved,7,2.39,,32878,,,,
v3,378272,A3H8HS730SRYAU,3Z7VU45IPZRFYEDNZ2DUOKKVC2I1ZS,2660,8/5/22 12:51,8/5/22 13:36,Approved,7,2.73,,74680,,Female,100.00%,
v3,378272,A3NB17SDAU615F,3R6BYFZZP8MHJY7G5J4UG18E5C2FX9,3092,8/5/22 12:45,8/5/22 13:36,Approved,7,5,,31974,,Female,100.00%,
v3,378272,A1SJRFJWFXSDH4,33CUSNVVNOMIPIWLPXMWQAAZRZG88D,3073,8/5/22 12:45,8/5/22 13:37,Approved,7,2.47,,43324,,Female,100.00%,
v3,378272,A1XDYW4D4B610Z,3G0WWMR1UWU9YTJLHTSFUYLUA01QNU,3125,8/5/22 12:47,8/5/22 13:39,Approved,7,2.69,,97277,,Female,100.00%,
v3,378272,A3RGC0P0GID8KU,3CP1TO84PUBOGLBUBI6S4ZN539O253,2832,8/5/22 12:52,8/5/22 13:39,Approved,7,2.74,,92102,,,,
v3,378272,A24W2GXL0ELDFB,3ZWFC4W1UVHXM2L4WKY2RJMQ4VHRFP,3050,8/5/22 12:49,8/5/22 13:40,Approved,7,2.64,,24857,,Female,100.00%,
v3,378272,A2OYFHRMYZ6HKV,358010RM5F36FVT65Y9YYNB0T6QXVF,3202,8/5/22 12:47,8/5/22 13:40,Approved,7,3.8,,82907,,,,
v3,378272,A2LAL3K512TI7E,36U2A8VAG29HZPP4BQHTFS7SFEDYK0,3057,8/5/22 12:49,8/5/22 13:40,Approved,7,3.41,,59898,,Female,100.00%,
v3,378272,A24DS0DW1M1ROJ,3TMSXRD2X7AB4J8IOFTNPGQDV0E1W2,3101,8/5/22 12:51,8/5/22 13:43,Approved,7,2.36,,70203,,Female,100.00%,
v3,378272,A23Z8G9ARHNM96,3MB8LZR5BG3XZQI5SBS3LK5W6ZBKLW,2682,8/5/22 12:59,8/5/22 13:44,Approved,7,4.17,,62359,,Female,100.00%,
v3,378272,A2CS67AX8RPJUB,3LOTDFNYA892UY2QVE88EIU7WAVWFW,3816,8/5/22 12:41,8/5/22 13:45,Approved,7,3.13,,13216,,Female,100.00%,
v3,378272,A193SP8INHA4MB,3MMN5BL1W0EB9ASJ7H1J4B3JVIBM3L,4309,8/5/22 12:34,8/5/22 13:45,Approved,7,4.03,,45880,,Male,100.00%,
v3,378272,A1I0DV4B4MFQCL,3PH3VY7DJM78ZFTQWQ2FHAAP8FRWZM,3004,8/5/22 12:56,8/5/22 13:46,Approved,7,3.72,,13464,,Male,100.00%,
v3,378272,ARD4G7288R1JO,32VNZTT0A8ENOMOFC32J0FPZF5B4RH,2611,8/5/22 13:05,8/5/22 13:49,Approved,7,3.66,,29884,,Male,100.00%,
v3,378272,A222GZB608T1B8,3H7XDTSHKD188YYL6YEQW3UJXPTGWD,5415,8/5/22 12:21,8/5/22 13:51,Approved,7,2.56,,47944,,Female,100.00%,
v3,378272,A1ZTXA0S1JAU7Y,3XXU1SWE8N5EQHKXRRTVTMACYP70AP,2705,8/5/22 13:07,8/5/22 13:52,Approved,7,4.34,,43113,,Female,100.00%,
v3,378272,A5K108EWACHK5,33PPUNGG39F3RJC4XWS9UB28G08RZA,5248,8/5/22 12:25,8/5/22 13:53,Approved,7,2.58,,63865,,Male,100.00%,
v3,378272,A16E38HXNQBLCU,3ZPPDN2SLW6ZCOPM7SEAIG1WM8Z9E5,2891,8/5/22 13:05,8/5/22 13:54,Approved,7,3.76,,85528,,,,
v3,378272,A17PXVJLPXYCKR,30BXRYBRP57M8UTWQ4W8H36KCPCHWJ,2728,8/5/22 13:08,8/5/22 13:54,Approved,7,4.28,,76112,,Male,100.00%,
v3,378272,ANHO7XT3KW3IY,3CFJTT4SXU07EA3FOE6HPZ8IJBG7IY,3785,8/5/22 12:54,8/5/22 13:57,Approved,7,4.18,,91759,,,,
v3,378272,AQNFGHGPO5P8A,3L6L49WXW17YJZQHFWPGXEK3NNM544,3161,8/5/22 13:06,8/5/22 13:59,Approved,7,3.18,,16424,,Male,100.00%,
v3,378272,AM65LGXJBTJ0I,3Q5C1WP23NBHR0TYSE6EZGD0B3615H,6415,8/5/22 12:20,8/5/22 14:07,Approved,7,4.04,,77689,,Male,100.00%,
v3,378272,AUZ3YWTVBISNH,3ZAZR5XV02SZLHNLFZ2E5G3MGZ8ZCF,4559,8/5/22 12:52,8/5/22 14:08,Approved,7,5,,87259,,,,
v3,378272,A2L18Q7871EONK,36PW28KO406DH7ZRZYSAEBCGSQGEAO,4074,8/5/22 13:01,8/5/22 14:09,Approved,7,4.34,,34344,,Female,100.00%,
v3,378272,A28HB7240OFGEW,3L4PIM1GQUQ3MT2Z1AQQG4T6A69RYO,3955,8/5/22 13:05,8/5/22 14:11,Approved,7,2.87,,44491,,Male,100.00%,
v3,378272,A3TMDO1DAG605W,38SKSKU7R276TVSHS87R84QJEVMLIM,4211,8/5/22 13:01,8/5/22 14:12,Approved,7,5,,,,Male,100.00%,
v3,378272,A1CUDX7TTS2W61,3ZDAD0O1T2NR23PH039JX5NFWLITX3,2376,8/5/22 13:34,8/5/22 14:14,Approved,7,3.94,,48657,,,,
v3,378272,AOHS348RVOF6D,3II4UPYCOKH0CHS8SZECYT90WW2QDF,4089,8/5/22 13:10,8/5/22 14:18,Approved,7,2.73,,48905,,Male,100.00%,
v3,378272,AXH5KE6NMX92R,3C6FJU71TR3V2LUG54LVLFGQH5FUYX,3677,8/5/22 13:21,8/5/22 14:22,Approved,7,5,,25161,,Male,100.00%,
v3,378272,A15MD1NCLTDM4G,3018Q3ZVOJ02QB4WL4CADIBZ7F6RAE,4770,8/5/22 13:03,8/5/22 14:23,Approved,7,2.92,,53186,,Female,100.00%,
v3,378272,A2W8QHBWSI86PC,3U5NZHP4LSCWOLWVEIIDP9YOJSFHPU,2759,8/5/22 13:38,8/5/22 14:24,Approved,7,3.42,,89750,,Male,100.00%,
v3,378272,A2JDUV4XMJSN55,3VELCLL3GLT9TXMNYQJNLS4D0XLF1F,7337,8/5/22 12:27,8/5/22 14:30,Approved,7,3.85,,81167,,Female,100.00%,
v3,378272,A35XZRK8CZWYBN,3WMINLGALCDYK9FD37MFONCD7FFAC5,3102,8/5/22 13:52,8/5/22 14:43,Approved,7,5,,88921,,Female,100.00%,
v3,378272,A3RJC9KTQ0U46B,30LB5CDZNDKFRPS53J9UAF1L7BQZ03,4055,8/5/22 13:54,8/5/22 15:02,Approved,7,3.26,,17466,,Male,100.00%,
v3,378272,A19OEH9E8SNCD1,37WLF8U1WQ0FG5FY57M1W1NZG4KK6M,9102,8/5/22 12:43,8/5/22 15:15,Approved,7,3.43,,68181,,Female,100.00%,
v3,378272,A1BIENE9M8DX6H,3FK0YFF9P0QEB6OB5J8GA2EFDVIVVA,10752,8/5/22 12:49,8/5/22 15:48,Approved,7,2.44,,65077,,Male,100.00%,
v3,378272,A3A05FW2HAWPBM,3F1567XTNXFO9RFRGJ9ACXQA5BN9QH,9922,8/5/22 13:06,8/5/22 15:52,Approved,7,4.12,,66133,,Female,100.00%,
v3,378272,A1P6LFEAY9MWAY,31LM9EDVOM2SC6F8M386XX98W5FJN2,8673,8/5/22 13:27,8/5/22 15:52,Approved,7,2.66,,70745,,,,
v3,378272,A389LTO1Q8DAKN,3FK0YFF9P0QEB6OB5J8GA2EFDVKVVC,10443,8/5/22 13:01,8/5/22 15:56,Approved,7,3.67,,72112,,Male,100.00%,
v3,378272,A1T9BJRS4IL8VQ,3VE8AYVF8N7R4X68XBS202RLE3XF85,9514,8/5/22 13:18,8/5/22 15:56,Approved,7,2.54,,67690,,Male,100.00%,
v3,378272,A2TVUZ26RNXY4U,3R2UR8A0IBQBPBK94MNK3VHSXD1OXC,9026,8/5/22 13:34,8/5/22 16:04,Approved,7,2.6,,90041,,Male,100.00%,
v3,378272,A39XRFXKGMDY1U,3X3OR7WPZ0AD4PG4JMV0VFW5BZDL8A,5400,8/5/22 14:45,8/5/22 16:15,Approved,7,3.14,,24764,,Female,100.00%,
v3,378272,ADM95BAOPS7S7,3OE22WJIGJYMTJ3UEU418TDOIY8UQ8,3393,8/5/22 15:22,8/5/22 16:18,Approved,7,3.18,,99927,,Female,100.00%,
v3,378272,A1B6B8EG4EJ3MO,3HL8HNGX46BRI2PI23YG0YMWYAVF9C,9932,8/5/22 14:07,8/5/22 16:52,Approved,7,4.57,,87718,,Male,100.00%,
v3,378272,AMW808FJZ6E54,3GDTJDAPVVLXA7YPJYWFVSBUB458M1,4004,8/5/22 15:47,8/5/22 16:54,Approved,7,3.8,,37444,,,,
v3,378272,A5BMKZRGHNSRT,3NXNZ5RS1B7E39ACKK04C69F0NQ79G,3581,8/5/22 15:54,8/5/22 16:54,Approved,7,3.06,,53258,,Female,100.00%,
v3,378272,ARRZEIWU8NGNQ,3JBT3HLQF9CIF6WPK4OKPG2TFKLZPV,3382,8/5/22 16:01,8/5/22 16:58,Approved,7,2.22,,13441,,Male,100.00%,
v3,378272,A39MO8EQO830XU,3R2UR8A0IBQBPBK94MNK3VHSXFTXOH,3479,8/5/22 16:06,8/5/22 17:04,Approved,7,3.4,,48769,,Female,100.00%,
v3,378272,A36A780ODXBDEH,3WMINLGALCDYK9FD37MFONCD7F1ACR,8480,8/5/22 14:43,8/5/22 17:05,Approved,7,3.96,,70226,,Male,100.00%,
v3,378272,AERUGBNS48Z4N,3483FV8BEFTKZPB8G1GXW515Z6V62N,4569,8/5/22 15:50,8/5/22 17:06,Approved,7,3.99,,79908,,Male,100.00%,
v3,378272,A27EV0216FCLJW,3KOPY89HM9CL82MY4KOROJB2RQLJ3N,3354,8/5/22 16:16,8/5/22 17:12,Approved,7,2.35,,67857,,Male,100.00%,
v3,378272,A80WPJSYIU9LT,3TPZPLC3M1MHUDPWZXTBLFXE0PVP3X,2556,8/5/22 16:31,8/5/22 17:13,Approved,7,4.18,,75141,,Male,100.00%,
v3,378272,A1FP3SH704X01V,39GXDJN2OUOG0USYXQX6IOU72ZP8VU,2695,8/5/22 16:31,8/5/22 17:16,Approved,7,3.03,,26119,,Female,100.00%,
v3,378272,A1TGZ063G5UKEC,31N2WW6R9S053002LUX69LJAYI63F4,8383,8/5/22 14:56,8/5/22 17:16,Approved,7,3.52,,62135,,Female,100.00%,
v3,378272,A2XEZPWN1RIYYZ,3BWI6RSP7HJVY51TSVGQ4KAQRKH7E1,2647,8/5/22 16:34,8/5/22 17:19,Approved,7,2.75,,54756,,Female,100.00%,
v3,378272,AI0O5Z0HVHZ28,32SCWG5HIIEGRWCEIZR9SI9YAGYP64,2729,8/5/22 16:34,8/5/22 17:19,Approved,7,3.75,,31565,,Female,100.00%,
v3,378272,A2325LZL2NO9BI,392CY0QWG21AVNLWMG8AMNO8SBPI4S,5201,8/5/22 16:06,8/5/22 17:33,Approved,7,2.56,,62755,,Male,100.00%,
v3,378272,ATUA5M7PLS8W3,3YHH42UU5CPVM0B1OIIL20QNS3B0LG,3734,8/5/22 16:31,8/5/22 17:33,Approved,7,3.57,,11472,,Male,100.00%,
v3,378272,A1GR7QZWVJ1GZQ,3I02618YA1G1T72FEHPC8ONED2MUPH,4810,8/5/22 16:23,8/5/22 17:43,Approved,7,2.36,,16362,,Female,100.00%,
v3,378272,A5CIHEPULDFUF,3JPSL1DZ5T9HBDC4SXVT4Y6P6LZANX,2889,8/5/22 17:03,8/5/22 17:51,Approved,7,2.53,,26927,,Male,100.00%,
v3,378272,A212P9LUF0URRZ,3VA45EW49OX3ZAZGXT2D8MDRS1YO12,3501,8/5/22 17:05,8/5/22 18:03,Approved,7,2.46,,82516,,Female,100.00%,
v3,378272,A196XR61DIW5GU,32RIADZISTEZP1OSRS2OQPUV19R4S6,7716,8/5/22 16:03,8/5/22 18:12,Approved,7,2.32,,78686,,Male,100.00%,
v3,378272,A3NKNOE5HIXXL,37U1UTWH9WWO7NBHO6SWHR54HTZ8RO,8935,8/5/22 15:43,8/5/22 18:12,Approved,7,2.94,,97237,,Female,100.00%,
v3,378272,A2XM2MNPSM2PIY,3SPJ033422DMO5JMT5HHED7F0SEJYT,3472,8/5/22 18:45,8/5/22 19:43,Approved,7,3.21,1.01,61112,,Male,100.00%,
v3,378272,AUZXHSWDT1PYQ,3RJSC4XJ114HKB8GWV2ELBUQ6EW50K,7965,8/5/22 17:45,8/5/22 19:57,Approved,7,4.03,1.01,35816,,,,
v3,378272,A2Q0JW4UWC2SKT,3X65QVEQI1XFGS6H0YB5X1SO1UVCLC,9443,8/5/22 22:21,8/6/22 00:58,Approved,7,5,1.01,46487,,Female,100.00%,
v4,407312,A3FPXYVABXB9IZ,3A4TN5196LSDUWNR9DW759ZIJ6UCH0,1652,##########,##########,Approved,7,4.28,1.02,33884,,Male,100.00%,
v4,407312,A32VX00M6VQZTS,3X0H8UUIT2YBY37C1Y87LHDNKXSWSD,1943,##########,##########,Approved,7,2.39,1.02,94952,,,,
v4,407312,A33B621RF790JB,33LK57MYLUFFSYCHCLSEKL751ZWZS6,2020,##########,##########,Approved,7,3.89,1.02,76734,,Male,100.00%,
v4,407312,A1AKL5YH9NLD2V,3KXIR214I5Q6K27UXDNIZ7HS2AV24V,1946,##########,##########,Approved,7,4.39,1.02,72057,,Male,100.00%,
v4,407312,A1DMXEJGJY02E1,3X4MXAO0BHYZXO7ZM982V78RYV9WRP,2046,##########,##########,Approved,7,3.31,1.02,66637,,,,
v4,407312,A3HW4QDJB63OQ2,3LKC68YZ3BDW0BFJUHRY1C3MN8PWOG,2017,##########,##########,Approved,7,4.09,1.02,40918,,,,
v4,407312,A2DQPK76L6YR7A,3XM0HYN6NL9K4B5TOHA7461CQ9HEP0,1948,##########,##########,Approved,7,2.36,1.02,50489,,,,
v4,407312,A1J9IYN46FX00O,36H9ULYP634GOE2ROFPTPS00TBQJFN,1997,##########,##########,Approved,7,2.5,1.02,52373,,Male,100.00%,
v4,407312,A3JI3B5GTVA95F,32AT8R96GMJY6ZI76YT63TSQZHISUB,2009,##########,##########,Approved,7,3.41,1.02,29448,,,,
v4,407312,A5EU1AQJNC7F2,3Z7VU45IPZRFYEDNZ2DUOKKWBZJZ1M,2117,##########,##########,Approved,7,3.67,1.02,23079,,Female,100.00%,
v4,407312,A2K1K7ALOS8YIN,3M68NM076IH139STVRVYXD9EATI6R0,1860,##########,##########,Approved,7,4.12,1.02,32974,,Male,100.00%,
v4,407312,A3IP5SDFSHF1R0,38YMOXR4MV96B59FUL54KCHV28WW6S,1938,##########,##########,Approved,7,3.5,1.02,73803,,Female,100.00%,
v4,407312,AO71E3MTYDM8L,3TK8OJTYM2V16MRFJ7ZH4APYQ4KVPN,2056,##########,##########,Approved,7,3.52,1.02,28364,,Female,100.00%,
v4,407312,A34GH9SAZ3NAGE,32Q90QCQ1TVJTK8DBP5Z8PFDWZBEKZ,2156,##########,##########,Approved,7,3.71,1.02,93743,,Female,100.00%,
v4,407312,A3BU69EKYL6SH3,3A7Y0R2P2PYXO0TCO9VFVZ07XGMJXE,2095,##########,##########,Approved,7,4.24,1.02,30270,,Female,100.00%,
v4,407312,A1KTPYX40PRLVW,3UJ1CZ6IZIZHLKSS5XLYVH0A00OS5S,2301,##########,##########,Approved,7,2.71,1.02,57245,,,,
v4,407312,AXXA481XH6FKE,3X3OR7WPZ0AD4PG4JMV0VFW6AWH8LW,2341,##########,##########,Approved,7,3.52,1.02,97500,,Female,100.00%,
v4,407312,A4QCCB2UVXAYK,386CSBG1O0W1R8DTIC6YSNZ9E7FQ6I,2297,##########,##########,Approved,7,3.61,1.02,49508,,Female,100.00%,
v4,407312,A2J1ANUL0BYKUK,39GHHAVOMG16QY524YTAYO394LHJ4Z,2473,##########,##########,Approved,7,3.84,1.02,28528,,,,
v4,407312,A1ELAMAOQTZ1G5,3ZY8KE4ISKDM6YSUJKE64FF8V06QV9,2330,##########,##########,Approved,7,2.54,1.02,41004,,Male,100.00%,
v4,407312,A2QRP0QWDZR6ID,37UEWGM5HUI6WNRWPLJH2HIX2I1R1M,2313,##########,##########,Approved,7,2.55,1.02,48375,,Female,100.00%,
v4,407312,AZZA3J049G7R5,3AUQQEL7U63YI5NV2MKRP9OQIW7V0F,2021,##########,##########,Approved,7,3.6,1.02,61134,,Female,100.00%,
v4,407312,A3EVXSWHYA1PTT,3WMOAN2SRC7131F23SMP0LK3QPJVNR,2563,##########,##########,Approved,7,3.93,1.02,63243,,,,
v4,407312,A3FFBPTCAH86GU,3TMFV4NEP9OTFJS3N0224QDM83MW8E,2512,##########,##########,Approved,7,2.23,1.02,13654,,Female,100.00%,
v4,407312,A3D2U4QF7821ZW,3DIP6YHAPD2ZYJ6C208WIK6M1ZHE8G,2687,##########,##########,Approved,7,2.59,1.02,44081,,,,
v4,407312,A21D2BNXH3VXHW,3IUZPWIU1PHDAKU4WPZ5UVMD33GWKX,2649,##########,##########,Approved,7,2.63,1.02,18985,,Female,100.00%,
v4,407312,A2A4DODAIU2VVM,3NOKK93PR2IG7KG3F3UWAU28C2FEEF,2836,##########,##########,Approved,7,5,1.02,72099,,Male,100.00%,
v4,407312,AJO3JMXO4TN5D,3NG53N1RLWT3VAV2BEO7CW5QF6I8PU,1922,##########,##########,Approved,7,2.36,1.02,47162,,Female,100.00%,
v4,407312,A227D7R1GB89J4,3X73LLYYQ2OWL0KIY35LLKTUIA8HNN,2930,##########,##########,Approved,7,5,1.02,88714,,Female,100.00%,
v4,407312,A1ME7WAR1405GX,3XCC1ODXDMLUDRBDA09W3IQ5AUTQRG,2967,##########,##########,Approved,7,2.34,1.02,64928,,Female,100.00%,
v4,407312,A240AXTOK4A9S,33C7UALJVM80EIC0QCDHB0NSCQE18L,3042,##########,##########,Approved,7,5,1.02,86997,,Female,100.00%,
v4,407312,A11LNK1U3DT08V,3OSWBBLG1F7KLETKED94S15USWPDXU,3324,##########,##########,Approved,7,3.07,1.02,89306,,,,
v4,407312,A38YRR6XIUXMRB,3GFK2QRXXARAS191P2VZS63V6DLW5C,3192,##########,##########,Approved,7,3.06,1.02,27555,,Female,100.00%,
v4,407312,A17MQT2V4JR6XS,3VSOLARPKCJW2Q9PI8XEZPX0UG9939,3325,##########,##########,Approved,7,2.31,1.02,82896,,,,
v4,407312,A1QMJNJ5FGC09,3Z4XG4ZF49184JXTX5YO69RTH5S8XJ,3266,##########,##########,Approved,7,1.92,1.02,24025,,Male,100.00%,
v4,407312,A3JPCG7URROH08,3TY7ZAOG5GUK2UTJ3I6KN0D92Y1K0J,3067,##########,##########,Approved,7,2.49,1.02,43973,,Male,100.00%,
v4,407312,AF0M3066S5UF1,34S6N1K2ZWT6X0HXMQP68SP5DF8LHP,3511,##########,##########,Approved,7,2.59,1.02,26537,,Male,100.00%,
v4,407312,A3HAERGD8FL7WX,3FDJT1UU75IJX1FK0OCW4V90J6CK54,3551,##########,##########,Approved,7,5,1.02,46355,,Male,100.00%,
v4,407312,A1R0DIJHIE1LOC,379J5II41PQUDQQVWPH0NPSSLZGEL2,3671,##########,##########,Approved,7,5,1.02,81259,,Male,100.00%,
v4,407312,A1GME0CG669EF6,36ZN444YTS8EZGVE50NJ0LUE8XSOI2,3612,##########,##########,Approved,7,5,1.02,86127,,Male,100.00%,
v4,407312,A2R8X6JI491XEX,36U2A8VAG29HZPP4BQHTFS7TEBGYKY,3593,##########,##########,Approved,7,2.06,1.02,98182,,Female,100.00%,
v4,407312,A38W0HA4ULW5QW,3WSELTNVR4CF6QHOPTH5DXCIUX4TAP,3707,##########,##########,Approved,7,2.89,1.02,28787,,Female,100.00%,
v4,407312,A3PZFJZ8Q17O33,3TU5ZICBREBOVMWHBR3WC1V0K25Q84,3837,##########,##########,Approved,7,3.23,1.02,57115,,,,
v4,407312,A22RU4Z2JPRP1U,3VFJCI1K409302HZ744K94M347KRGM,3572,##########,##########,Approved,7,2.36,1.02,73355,,Male,100.00%,
v4,407312,A377O7EE412E7T,3AAJC4I4FH2MTVTRPRJ0SKGI5GKJZB,3813,##########,##########,Approved,7,2.45,1.02,34315,,Female,100.00%,
v4,407312,A3AU8PZ6HHBCVT,3HHRAGRYX9FLOF2B16H6NSVBP759O4,4018,##########,##########,Approved,7,2.54,1.02,95695,,Male,100.00%,
v4,407312,A1J7GK3Z74R4HU,3YT88D1N098GJMSGM5O3PYBG5ALK3E,4066,##########,##########,Approved,7,5,1.02,52082,,Female,100.00%,
v4,407312,A1QU0XKNXW5VLI,34S6N1K2ZWT6X0HXMQP68SP5DF8HLL,4104,##########,##########,Approved,7,2.4,1.02,15615,,Male,100.00%,
v4,407312,A1RFPND3BA5LXL,3LS2AMNW5G0RGEJXI8SS9NL0Z79QO7,4102,##########,##########,Approved,7,2.46,1.02,85583,,Male,100.00%,
v4,407312,A1KAOUCQHCB3WV,35DR22AR5EUM3MRNLO3SFSJI1J13XN,3878,##########,##########,Approved,7,5,1.02,63207,,Male,100.00%,
v4,407312,A2EWDSS69Y0IAA,34FNN24DCNJEH64143DND3OBHLLY5D,3757,##########,##########,Approved,7,2.41,1.02,64227,,Female,100.00%,
v4,407312,A24G8GL5FX1KAW,3NS0A6KXC5IC2T3QHLYXV7O2DO2GZ3,3648,##########,##########,Approved,7,2.44,1.02,86282,,Female,100.00%,
v4,407312,A26WVAVVE1RM47,337RC3OW06CBF1CHRF6ANTGELUJLVF,4359,##########,##########,Approved,7,2.37,1.02,31565,,Female,100.00%,
v4,407312,A3OXPEEM9SJ5M4,3LOZAJ85YENXI4V4HOPNWIEQV5ZX24,3603,##########,##########,Approved,7,2.4,1.02,81438,,Male,100.00%,
v4,407312,A2HDEWY0ISLL7X,3DR23U6WE6OIW3Y05YJR9G29FC2TEK,4693,##########,##########,Approved,7,2.02,1.02,38216,,Female,100.00%,
v4,407312,AZ6DQHW7AFKPP,3DYGAII7PMI91EVYX857YNQQ9C5QPO,4699,##########,##########,Approved,7,2.31,1.02,90971,,Female,100.00%,
v4,407312,A1BWQIRO16Y0YN,3TPZPLC3M1MHUDPWZXTBLFXFZKRP3K,4762,##########,##########,Approved,7,2.35,1.02,27125,,Female,100.00%,
v4,407312,ACKG8OU1KHKO2,3LRKMWOKB6RMNZVJI6D8T3U135Y2Z7,5002,##########,##########,Approved,7,2.58,1.02,15919,,Male,100.00%,
v4,407312,A1GGBLQXMJP6YU,38F5OAUN5OM7IFSVIWOWPN74IV3H7C,4944,##########,##########,Approved,7,2.36,1.02,17750,,Female,100.00%,
v4,407312,A15QHBPNWFBUIS,3P4MQ7TPPYMKTESZVLQG8EQ268PBBC,5243,##########,##########,Approved,7,4.09,1.02,10440,,Male,100.00%,
v4,407312,A29N5E8YC6DB9Q,3XUHV3NRVL8SVBECU39ZR3T8RP8H5X,5166,##########,##########,Approved,7,3.17,1.02,22986,,Female,100.00%,
v4,407312,A1B5K41SO5ON6M,3JCG6DTRV40U1QWDXLKWYSG0E8RQQF,5310,##########,##########,Approved,7,2.6,1.02,19840,,Male,100.00%,
v4,407312,A1NL795BXCHAIQ,3DH6GAKTYZZCOKOQBRK327V6IKTYZK,5302,##########,##########,Approved,7,2.46,1.02,94905,,Male,100.00%,
v4,407312,A2QJ1ENAEA37V4,3Z4GS9HPNWKAPQMJ5N2KYAIA4SA773,4758,##########,##########,Approved,7,2.44,1.02,72928,,Female,100.00%,
v4,407312,AN7B5L7H2UEUK,3TMSXRD2X7AB4J8IOFTNPGQEUXGW1U,2208,##########,##########,Approved,7,5,1.02,21172,,Male,100.00%,
v4,407312,A1VCDHYIYT0AQ0,35LDD5557BEH580QSNTILXKM517MK1,3621,##########,##########,Approved,7,2.36,1.02,51522,,Female,100.00%,
v4,407312,A1HQZBNZEQ4TOK,3ZY8KE4ISKDM6YSUJKE64FF8V0FVQN,2079,##########,##########,Approved,7,2.32,1.02,46404,,Female,100.00%,
v4,407312,AXWVKNIPL49TW,3BDCF01OGY4SJV7MWQTUUSK83BLLYO,2248,##########,##########,Approved,7,5,1.02,90915,,Male,100.00%,
v4,407312,A1P3JBR0EWR1P7,33OOO72IVIV3Z5EM97DWJS26U0PTCR,6147,##########,##########,Approved,7,5,1.02,11742,,Female,100.00%,
v4,407312,A1OFFNJXVHVI64,3NL0RFNU0GX11IBKMJTMZ33MJAK4KM,5453,##########,##########,Approved,7,2.39,1.02,18860,,Female,100.00%,
v4,407312,A3PZASM0C12I57,3NPFYT4IZDENXY3BG3ACYM8R5O5GX7,3603,##########,##########,Approved,7,2.49,1.02,27742,,Female,100.00%,
v4,407312,A1I16447TV7B9D,3QJOXOW4XK1EJ88GW1IFN27HL46EM4,4095,##########,##########,Approved,7,2.29,1.02,91244,,Female,100.00%,
v4,407312,AEQWA2F5LJN4C,3AUQQEL7U63YI5NV2MKRP9OQIWAV0I,5833,##########,##########,Approved,7,2.27,1.02,89736,,Male,100.00%,
v4,407312,A3O18MFGPD5E0Q,3MMN5BL1W0EB9ASJ7H1J4B3KUFFM3K,2962,##########,##########,Approved,7,2.54,1.02,62050,,Female,100.00%,
v4,407312,A21QADI77PVFJS,3FTF2T8WLSSTTOBDSS8G4M8XS94W93,6577,##########,##########,Approved,7,2.32,1.02,77211,,Female,100.00%,
v4,407312,A2C540RSHGKHTN,3RANCT1ZVGRZPD15VC7BD4IQVTWBUT,7000,##########,##########,Approved,7,1.99,1.02,54579,,Male,100.00%,
v4,407312,A3O3NJQ5AUXUVV,3YHH42UU5CPVM0B1OIIL20QORY6L0N,7399,##########,##########,Approved,7,2.58,1.02,19701,,Female,100.00%,
v4,407312,AN1JWYDJH4VQR,30BXRYBRP57M8UTWQ4W8H36LBMLWH2,3433,##########,##########,Approved,7,2.45,1.02,95423,,Female,75.00%,
v4,407312,A3RTW9UWYKSNWX,3KIBXJ1WD6455BL2538VD19R01HOKD,2242,##########,##########,Approved,7,3.04,1.02,24578,,Male,100.00%,
v4,407312,A1J8TVICSRC70W,3TVSS0C0E2ACD3KRQYDXVM99MG7TW0,2307,##########,##########,Approved,7,4.05,1.02,91138,,Female,100.00%,
v4,407312,A126FMKJCAAKDN,3N2BF7Y2VR4Q3IZIM2QL854UDKYHMN,7762,##########,##########,Approved,7,2.17,1.02,25750,,Female,100.00%,
v4,407312,AKR9067Q09RZS,3EA3QWIZ4J5UC80M1H9IUV01759ITI,8035,##########,##########,Approved,7,2.5,1.02,93316,,Male,100.00%,
v4,407312,AC5PVOOS79W2B,3180JW2OT5MOMH92I3CK3G9N4HBJ53,8140,##########,##########,Approved,7,3.56,1.02,75150,,Female,100.00%,
v4,407312,AFFLH2RPS7I57,3K772S5NP9LSRU755422VXZL4I7HEY,2872,##########,##########,Approved,7,2.27,1.02,72289,,Male,100.00%,
v4,407312,A1KZ97QBNRPVCT,33M4IA01QHBEMOCPWE4OXQMY7YSXRY,2750,##########,##########,Approved,7,2.99,1.02,30037,,Male,100.00%,
v4,407312,A3IX9MV2SX545Z,3QEMNNSB2Y9Q6ZNTW056Y2S6Q4MD7D,2901,##########,##########,Approved,7,2.49,1.02,84885,,Male,100.00%,
v4,407312,A3J0DWS08K7ZY6,3VAR3R6G1QBLAAJ1WEBSNW0051WO83,4504,##########,##########,Approved,7,2.44,1.02,59427,,Male,100.00%,
v4,407312,A1QXJZFA5NVGM3,3FE2ERCCZYI6G2IIIVD39IVQUBNOPE,8510,##########,##########,Approved,7,2.41,1.02,64270,,Female,100.00%,
v4,407312,A2SMWHVZL9KBT7,3RSDURM96BWEDPXUF46QHXUOUEKYEE,3079,##########,##########,Approved,7,2.16,1.02,25561,,Female,100.00%,
v4,407312,AT0COJ1G23ZB0,3T111IHZ5F0OLSURTYYAHN0G0UP9RD,8926,##########,##########,Approved,7,3.8,1.02,57363,,Female,100.00%,
v4,407312,AL11EUOKE93D5,3TXD01ZLD5RF4EGWGXXO5QCKL1K4UL,2987,##########,##########,Approved,7,2.3,1.02,88454,,Female,100.00%,
v4,407312,ARM9RPY5V2V5S,3AMW0RGHOECOYHI6HGDQUTVL41INPY,9328,##########,##########,Approved,7,5,1.02,91832,,,,
v4,407312,ANQ0RLFEZ17W0,3SKEMFQBZ4F2KJYMYMJZGFJRLWC8KT,9470,##########,##########,Approved,7,3.83,1.02,14243,,Female,100.00%,
v4,407312,A1LQSGYQEKM3VB,35BLDD71I77VKQTL6GXJV8RC030ZVL,5992,##########,##########,Approved,7,2.22,1.02,97640,,Female,100.00%,
v4,407312,ALNPW5WIO0I,33SA9F9TRY4AOK2U03O2W098J6KEWV,3707,##########,##########,Approved,7,2.47,1.02,61788,,Female,100.00%,
v4,407312,A32S5L21ZXP7JR,3WQ3B2KGE9QJGGA7TOXR22DTKWZ1BK,1833,##########,##########,Approved,7,2.42,1.02,19187,,Female,100.00%,
v4,407312,ALUSYZ9SHMOI7,3ON104KXQL6SWI51BXCPNEXH6HQW47,5797,##########,##########,Approved,7,2.49,1.02,26228,,Female,100.00%,
v4,407312,AAC2WRX2VA5TB,3AAJC4I4FH2MTVTRPRJ0SKGI5H5ZJE,2389,##########,##########,Approved,7,2.03,1.02,43789,,Male,100.00%,
v4,407312,A24LB89P1BPKKF,35BLDD71I77VKQTL6GXJV8RC03QZVB,12338,##########,##########,Approved,7,4.03,1.02,14322,,Male,100.00%,
v4,407312,A3KQEVMEPXAIZY,30BUDKLTXE5GB1NA421T60WVZ9Q5EF,8991,##########,##########,Approved,7,3.56,1.02,87296,,Male,100.00%,
v4,407312,A1BL0TRVE1KDPI,39LOEL67OTFWOLQFDGR0ZT2PAAS83K,12891,##########,##########,Approved,7,1.78,1.02,47686,,Female,100.00%,
v4,407312,A3DM3K0QT4RMH0,3NQL1CS15SIVF0JGAUV0H1IAU9NVYH,2181,##########,##########,Approved,7,2.8,1.02,33248,,Male,100.00%,
v4,407312,A2PR7FI9TP8XLD,378XPAWRUDNPXC1DVHI1ZQA9JGPAIQ,9738,##########,##########,Approved,7,2.25,1.02,42867,,Male,100.00%,
v4,407312,A31G7QL8YZCCP4,3SKRO2GZ721K9JE1Z1AK15WJ7Q7K1M,5891,##########,##########,Approved,7,2.22,1.02,68207,,Female,100.00%,
v4,407312,A14P6SH3OKKKZB,3I2PTA7R3U48QNYIKG0Z264RF28QKW,10924,##########,##########,Approved,7,5,1.02,99472,,Male,100.00%,
v4,407312,A240TA3WEYWMU0,3DHE4R9OCXLMWI0ESEPJ8WEVSHVG2R,1957,##########,##########,Approved,7,3.61,1.02,39505,,,,
v4,407312,A3LGUYS3JU2C1T,3ZSANO2JCGH9NHLHB9Y7HTRNPU2SFB,3225,##########,##########,Approved,7,2.93,1.02,29851,,,,
v4,407312,A16YCPFPGW95OB,3MX2NQ3YCA4PH1ERZ7RLUPH2FHFX5Y,3924,##########,##########,Approved,7,2.46,1.02,81354,,Female,100.00%,
v4,407312,A3KDRJVT7WVFG8,3WEV0KO0ON2CPX7LK33HTTO2DJGSDY,4945,##########,##########,Approved,7,2.06,1.02,21332,,Male,100.00%,
v4,407312,A2DP3VTWJJ5P0W,3XCC1ODXDMLUDRBDA09W3IQ5AWHRQ9,5805,##########,##########,Approved,7,3.91,1.02,60795,,Female,100.00%,
v4,407312,A82Q1HS5CPZ5I,3TOK3KHVJUSHAWEIM9JM9W45UI07OB,13223,##########,##########,Approved,7,3.52,1.02,49989,,Male,100.00%,
v4,407312,A32BQNJMLMZYG0,3KYQYYSHYWHXR5FSDMM89OE1GSKOD0,11103,##########,##########,Approved,7,5,1.02,16223,,Female,100.00%,
v4,407312,A7QAPZ1YVA0K2,3K4J6M3CXF3B1LVI5TIYEEXT43WGA3,9021,##########,##########,Approved,7,0,1.02,54712,,Female,100.00%,
v4,407312,A1R15ARN917ZXM,3CN4LGXD5YYWLN01QYUD8BIXHRH4Y9,9600,##########,##########,Approved,7,5,1.02,784045,,Female,100.00%,
v4,407312,A3KJ997GFOIIOH,37U1UTWH9WWO7NBHO6SWHR55GQN8R7,12561,##########,##########,Approved,7,2.47,1.02,49947,,Female,100.00%,
v4,407312,A2QQ8A4PVVQ8F9,3OF2M9AATHYH4FZ97CJCTZGVK5KKZB,12572,##########,##########,Approved,7,5,1.02,,,Male,100.00%,
v4,407312,ANOPPPGFNTUPN,3ZAZR5XV02SZLHNLFZ2E5G3NFY2CZL,14023,##########,##########,Approved,7,2.26,1.02,32031,,Male,100.00%,
v4,407312,A2J9VL7OYIT6G5,3PH3VY7DJM78ZFTQWQ2FHAAQ7FHWZD,3294,##########,##########,Approved,7,2.66,1.02,94959,,Female,100.00%,
v4,407312,A39VZ93N96XB6O,30X31N5D640ERQ490TCF3SGWSH8SAN,11280,##########,##########,Approved,7,2.66,1.02,11652,,Female,100.00%,
v4,407312,AYZQ87MNBMKAG,3XC1O3LBOTWW298SMK6VMBSTOCRTL1,9624,##########,##########,Approved,7,2.64,1.02,53304,,Male,100.00%,
v4,407312,A1YHIQHLLLQIIQ,3MMN5BL1W0EB9ASJ7H1J4B3KUFFM3K,,##########,,Not Submitted,0,0,1.02,,,Female,100.00%,
v4,407312,A2E0LU8V4EUX5C,37Z929RLGAIJ6M3I6T3WYX6OG3ASTJ,,##########,,Not Submitted,0,0,1.02,,,,,
v4,407312,A1K8QNLYYYX21W,3ZSANO2JCGH9NHLHB9Y7HTRNPU2SFB,,##########,,Not Submitted,0,0,1.02,,,Male,100.00%,
v4,407312,A2P53AN2M8IWFP,3X3OR7WPZ0AD4PG4JMV0VFW6AWI8LX,,##########,,Not Submitted,0,0,1.02,,,Male,100.00%,
v4,407312,A1BJFYHXK6YDX1,3NS0A6KXC5IC2T3QHLYXV7O2DO2GZ3,,##########,,Not Submitted,0,0,1.02,,,Female,100.00%,
v4,407312,A2BW6WD7LZ9EGV,3QEMNNSB2Y9Q6ZNTW056Y2S6Q3A7DT,,##########,,Not Submitted,0,0,1.02,,,,,
v4,407312,A1HFY6TQD2GBZA,3OF2M9AATHYH4FZ97CJCTZGVK5KKZB,,##########,,Not Submitted,0,0,1.02,,,,,
v4,407312,A3D943YJI95XZY,3AMW0RGHOECOYHI6HGDQUTVL41INPY,,##########,,Not Submitted,0,0,1.02,,,Male,100.00%,
v4,407312,A17TKHT8FEVH0R,30ZX6P7VF95WNKQF0KAM596BK7LJ23,,##########,,Not Submitted,0,0,1.02,,,Male,100.00%,
v4,407312,A22VGT2F28LTWC,3YMU66OBIOIQB83WBZSQV0KXHYMGHE,,##########,,Not Submitted,0,0,1.02,,,,,
v4,407312,A80X2FTFDSR19,3QJOXOW4XK1EJ88GW1IFN27HL46EM4,,##########,,Not Submitted,0,0,1.02,,,Female,100.00%,
v4,407312,AGUKOC5210YWQ,3TPZPLC3M1MHUDPWZXTBLFXFZKR3PY,,##########,,Not Submitted,0,0,1.02,,,Female,100.00%,
v4,407312,AQRKP48O0WKBW,3AUQQEL7U63YI5NV2MKRP9OQIW7V0F,,##########,,Not Submitted,0,0,1.02,,,,,
v4,407312,AB7ZGKRL87OZ1,3NG53N1RLWT3VAV2BEO7CW5QF6I8PU,,##########,,Not Submitted,0,0,1.02,,,Male,100.00%,
v4,407312,A2RRK8SV0VBLTJ,3LOZAJ85YENXI4V4HOPNWIEQV5ZX24,,##########,,Not Submitted,0,0,1.02,,,Male,100.00%,
v4,407312,A4T4577P6JL6R,3TXMY6UCAFYQ7PMUS3J1ENRJATPQC9,,##########,,Not Submitted,0,0,1.02,,,,,
v4,407312,A1W7I6FN183I8F,3YMTUJH0DTQ04117GS7E0UQI2N84TP,,##########,,Not Submitted,0,0,1.02,,,Male,100.00%,
v4,407312,AQIKEPO11LE5A,37WLF8U1WQ0FG5FY57M1W1N0F3C6KZ,,##########,,Not Submitted,0,0,1.02,,,Female,100.00%,
v4,407312,A28CY58XWW8D5K,3QY5DC2MXSUP2UDL0ET7WU9BAUCUFO,,##########,,Not Submitted,0,0,1.02,,,Male,100.00%,
v4,407411,A1TURLFYFS5PHE,31QNSG6A5S3EP4R2FSUQCAE5FHQ87B,1959,##########,##########,Approved,7,4.19,1.02,30744,,Male,100.00%,
v4,407411,A24E737D0977EH,3PJUZCGDJ7QI3NFVUPSAQ65BA7E89N,2041,##########,##########,Approved,7,2.85,1.02,85704,,Female,75.00%,
v4,407411,A20X6V1AAXZGNZ,3WMINLGALCDYK9FD37MFONCE6GHACA,2078,##########,##########,Approved,7,2.37,1.02,23498,,,,
v4,407411,AOHLOY4AOE92M,3ZAZR5XV02SZLHNLFZ2E5G3NF1OCZD,2186,##########,##########,Approved,7,2.53,1.02,73503,,Male,100.00%,
v4,407411,AWCVA355B68K3,3MRNMEIQW6GPLKCV0U6GH7A7LSRDLU,2571,##########,##########,Approved,7,2.1,1.02,51152,,Male,100.00%,
v4,407411,A2SERZE9HPP1ZY,34J10VATJG8HKS8UKDFNPQPEN3OQI0,2523,##########,##########,Approved,7,5,1.02,49654,,Male,100.00%,
v4,407411,A3RT3B73TLJBO1,37Z929RLGAIJ6M3I6T3WYX6OG8NST6,2797,##########,##########,Approved,7,2.64,1.02,15129,,,,
v4,407411,A3NQ19CVN9CZGZ,3E7TUJ2EGDWUKIBMBX3QCYJCLYBD9Y,2938,##########,##########,Approved,7,3.5,1.02,86881,,Female,100.00%,
v4,407411,A1TOER30AQUY2F,3X3OR7WPZ0AD4PG4JMV0VFW6A1UL8W,3083,##########,##########,Approved,7,2.5,1.02,94815,,Male,100.00%,
v4,407411,A3JF8PQN9258SZ,3VHHR074H4R94BBL9H3UHF0BZHOL79,3065,##########,##########,Approved,7,2.56,1.02,92227,,Male,100.00%,
v4,407411,ATPAMEYV22WR9,3TEM0PF1Q67COON9B1KXJNIJIUHD0M,3316,##########,##########,Approved,7,3.22,1.02,59241,,Female,100.00%,
v4,407411,A1X4IO9IN94CSF,30H4UDGLT3SIGZX65FYQHE6LZGMMPL,3620,##########,##########,Approved,7,2.29,1.02,74365,,Female,100.00%,
v4,407411,A2E0LU8V4EUX5C,3IOEN3P9S8TDA4TCXXGJRMR160Z61P,3954,##########,##########,Approved,7,2.54,1.02,13171,,,,
v4,407411,AT4S5FAHC5R0D,3M23Y66PO3HD4OS6AGV3NNEAW0F6SC,3545,##########,##########,Approved,7,2.8,1.02,24968,,Female,100.00%,
v4,407411,A4FCEO6DF59YB,3TXMY6UCAFYQ7PMUS3J1ENRJAY5QCZ,3439,##########,##########,Approved,7,2.84,1.02,44865,,Male,100.00%,
v4,407411,A2Q8HV5LC6GBNA,3AZHRG4CU5UE6WLCICEL6EW7RHS30E,4386,##########,##########,Approved,7,5,1.02,79769,,Female,100.00%,
v4,407411,A3TSBDLVRHENSB,3A9AA95ATXWK8SC0DGH40CVZDLV5PD,4481,##########,##########,Approved,7,2.49,1.02,24118,,Male,100.00%,
v4,407411,A2YD5QY2YLJNRH,33CKWXB73KUI3ISFRR42WQ0KYPK11N,4624,##########,##########,Approved,7,2.31,1.02,67627,,Male,100.00%,
v4,407411,A3CD3C99T8S6ON,3HPZF4IVNN3ZGRDGJD0VR9UL97JYC7,5952,##########,##########,Approved,7,3.51,1.02,88540,,Male,100.00%,
v4,407411,A3HQXCWOIQKT4F,3DPNQGW4LMPU23QVKFZLPKY4IKG649,3672,##########,##########,Approved,7,3.46,1.02,54794,,Male,100.00%,
v4,407411,A256QIR5XUIP8K,34YB12FSQZYC3M472W83N5STYPXMGF,9888,##########,##########,Approved,7,2.4,1.02,30677,,Female,61.90%,
v4,407411,A37COUAUPN7XUK,3483FV8BEFTKZPB8G1GXW516Y6E627,11674,##########,##########,Approved,7,3.83,1.02,89218,,Male,100.00%,
v4,407411,A32K4W6B31XWVR,34S6N1K2ZWT6X0HXMQP68SP5DKMHL9,11849,##########,##########,Approved,7,2.93,1.02,71491,,Male,100.00%,
v4,407411,AYIQELIZ7YE28,3HYA4D452STGII4JHUJ1QBEJR5RF2T,6314,##########,##########,Approved,7,1.99,1.02,11490,,Female,100.00%,
v4,407411,A2S9O0W8SRVAH8,3QXNC7EIPJ50LYASZLFVXRZTR9I098,4301,##########,##########,Approved,7,2.39,1.02,76070,,Female,100.00%,
v4,407411,A1WDKH2DYOYE8X,3U8YCDAGXQQ6DXREGNQHJMPI1960QE,13315,##########,##########,Approved,7,3.89,1.02,50952,,,,
v4,407411,A3DW6KSQPG6GVQ,3TXMY6UCAFYQ7PMUS3J1ENRJAYQQCK,2829,##########,##########,Approved,7,2.6,1.02,87433,,Female,100.00%,
v4,407411,A16M34QYFSR0LP,3TDXMTX3CC4OAAPA541PJL8NN276IE,6213,##########,##########,Approved,7,2.63,1.02,37652,,Female,100.00%,
v4,407411,A2GXLM74C7BDI8,3PZDLQMM0UV9F6K9QST0I5TGUSKC20,7767,##########,##########,Approved,7,3.61,1.02,82313,,Female,100.00%,
v4,407411,A2NXSMA0NSZ92N,3VELCLL3GLT9TXMNYQJNLS4EZ04F15,2414,##########,##########,Approved,7,4.12,1.02,29174,,,,
v4,407411,A28CY58XWW8D5K,3MRNMEIQW6GPLKCV0U6GH7A7LSRDLU,,##########,,Not Submitted,0,0,1.02,,,Male,100.00%,
v4,407411,A1BJFYHXK6YDX1,36V4Q8R5ZLA3GBYL5SDFHJWV4C6MQA,,##########,,Not Submitted,0,0,1.02,,,Female,100.00%,
v4,407411,A3H1R064820RXL,3JAOYWH7VJEDIUZEOE1EVBRHU7CL9L,,##########,,Not Submitted,0,0,1.02,,,Male,100.00%,
v4,407411,AWBXHIHEYDUH6,3CFJTT4SXU07EA3FOE6HPZ8JIDVI7T,,##########,,Not Submitted,0,0,1.02,,,Female,100.00%,
v4,407411,A2X4TZTILMIYVI,3F6KKYWMNCBF9KFGC7MVUZEWQNSDNX,,##########,,Not Submitted,0,0,1.02,,,Female,100.00%,
v4,407411,A3GE5GE72FMTG0,3F6KKYWMNCBF9KFGC7MVUZEWQNSDNX,,##########,,Not Submitted,0,0,1.02,,,Female,100.00%,
v4,407411,A3SRQAFRDSCY05,3X4JMASXCNJJ9RPPX5TROXUJF970B4,,##########,,Not Submitted,0,0,1.02,,,Male,100.00%,
v4,407411,A48H6RKOSFGE4,3FK0YFF9P0QEB6OB5J8GA2EGCXXVVU,,##########,,Not Submitted,0,0,1.02,,,Male,100.00%,
v4,407411,A1G187YBG0DVMQ,33OOO72IVIV3Z5EM97DWJS26U5QCTL,,##########,,Not Submitted,0,0,1.02,,,Male,100.00%,
v4,407411,A4T4577P6JL6R,3QECW5O0KIBI0K57UXQO5MWW2O1T5R,,##########,,Not Submitted,0,0,1.02,,,,,